Champion,Picks,Bans,Presence,Wins,Losses,Win Rate,KDA,Avg BT,Avg GT,CSM,DPM,GPM
Kaisa S11 Spring,1900,871,82%,1001,899,53%,4.1,4.9,31:51,9.2,468,442
Udyr S11 Spring,1135,1343,74%,569,566,50%,3.9,4.1,31:49,6.3,218,347
Thresh S11 Spring,803,1556,70%,418,385,52%,3.2,4.1,32:07,1.1,114,233
Gnar S11 Spring,1202,1061,67%,657,545,55%,3.1,6.3,32:09,7.8,464,382
Rell S11 Spring,1217,1044,67%,623,594,51%,2.5,5.1,31:49,1.1,152,232
Seraphine S11 Spring,465,1766,66%,251,214,54%,4.8,3.7,31:25,5.4,315,322
Renekton S11 Spring,871,1308,65%,471,400,54%,2.9,4.8,31:59,8.0,373,385
Lillia S11 Spring,1013,976,59%,493,520,49%,3.4,4.4,32:19,6.4,388,345
Olaf S11 Spring,773,1205,59%,389,384,50%,3.2,4.2,31:47,6.0,357,347
Orianna S11 Spring,1070,905,59%,559,511,52%,4.4,7.4,32:28,8.7,472,394
Hecarim S11 Spring,980,917,56%,502,478,51%,3.8,4.5,31:58,5.9,297,341
Alistar S11 Spring,1207,653,55%,612,595,51%,3.0,7.2,31:47,1.1,147,232
Camille S11 Spring,486,1230,51%,254,232,52%,2.7,5.0,31:14,7.7,426,392
Gragas S11 Spring,951,611,46%,488,463,51%,2.9,6.1,31:54,4.9,345,305
Azir S11 Spring,792,709,45%,407,385,51%,3.5,6.1,32:06,8.9,543,404
Tristana S11 Spring,689,744,43%,372,317,54%,3.9,4.8,31:16,9.3,494,445
Syndra S11 Spring,703,623,39%,311,392,44%,3.0,7.5,32:50,8.5,492,379
Senna S11 Spring,429,737,35%,217,212,51%,4.3,4.1,31:55,3.8,499,341
Twisted Fate S11 Spring,335,822,34%,177,158,53%,4.1,4.9,31:20,7.8,427,405
Xayah S11 Spring,780,341,33%,385,395,49%,3.7,7.4,32:24,9.4,514,432
Lucian S11 Spring,373,706,32%,192,181,51%,3.2,5.6,31:46,9.0,513,426
Galio S11 Spring,564,513,32%,290,274,51%,3.5,6.3,31:20,3.6,265,284
Zoe S11 Spring,420,652,32%,205,215,49%,4.7,4.9,31:58,8.0,539,378
Nidalee S11 Spring,500,524,30%,258,242,52%,4.1,4.3,32:03,6.5,401,362
Leona S11 Spring,680,291,29%,339,341,50%,2.5,8.1,31:45,1.2,123,233
Graves S11 Spring,606,351,28%,281,325,46%,3.5,5.0,32:17,7.0,369,374
Aatrox S11 Spring,511,432,28%,248,263,49%,2.9,7.9,31:52,7.7,458,377
Viktor S11 Spring,626,306,28%,288,338,46%,3.5,7.8,32:40,8.7,616,392
Taliyah S11 Spring,285,610,27%,170,115,60%,3.6,4.1,31:46,6.7,428,370
Aphelios S11 Spring,521,353,26%,267,254,51%,3.4,5.3,32:13,9.3,507,432
Pantheon S11 Spring,180,683,26%,90,90,50%,2.8,4.0,31:28,5.5,348,339
Sion S11 Spring,536,264,24%,239,297,45%,2.8,7.6,32:08,6.9,358,334
Jayce S11 Spring,349,397,22%,180,169,52%,2.7,7.4,31:10,8.4,629,403
Nautilus S11 Spring,511,202,21%,239,272,47%,2.5,8.3,31:42,1.3,153,233
Samira S11 Spring,364,329,21%,167,197,46%,3.3,5.5,31:27,8.8,391,422
Gangplank S11 Spring,320,335,19%,145,175,45%,2.9,7.3,32:54,8.1,587,418
Yone S11 Spring,225,404,19%,105,120,47%,2.8,6.9,30:25,8.5,441,406
Irelia S11 Spring,184,428,18%,97,87,53%,2.3,6.5,31:44,8.6,392,409
Sett S11 Spring,338,267,18%,163,175,48%,2.4,6.8,31:30,4.2,298,301
Ornn S11 Spring,353,222,17%,161,192,46%,3.1,7.9,32:03,6.6,357,326
Sylas S11 Spring,258,293,16%,144,114,56%,3.4,7.1,30:52,7.8,473,389
Rakan S11 Spring,338,208,16%,175,163,52%,3.7,8.0,32:36,1.1,150,235
Akali S11 Spring,160,384,16%,74,86,46%,3.1,4.7,31:28,7.8,447,380
Jinx S11 Spring,360,177,16%,177,183,49%,3.8,5.1,31:20,9.6,570,441
Nocturne S11 Spring,169,333,15%,94,75,56%,3.2,5.0,31:15,6.9,352,368
Volibear S11 Spring,355,139,15%,153,202,43%,2.8,7.0,31:31,6.0,310,330
Ryze S11 Spring,290,201,15%,144,146,50%,3.1,6.5,31:10,9.3,477,422
Jhin S11 Spring,368,98,14%,161,207,44%,4.5,7.6,32:18,8.6,439,403
Tahm Kench S11 Spring,257,167,13%,134,123,52%,3.4,5.9,31:48,4.1,159,281
Kalista S11 Spring,175,238,12%,87,88,50%,3.5,5.4,31:21,9.1,412,428
Skarner S11 Spring,199,201,12%,103,96,52%,3.4,4.5,32:24,5.2,167,311
Ezreal S11 Spring,244,92,10%,121,123,50%,3.7,8.2,31:59,8.8,680,415
Karma S11 Spring,206,130,10%,84,122,41%,3.4,6.5,31:15,4.6,280,291
Malphite S11 Spring,131,185,9%,56,75,43%,3.0,8.3,31:38,6.3,380,325
Miss Fortune S11 Spring,202,112,9%,100,102,50%,3.9,7.5,32:47,9.0,482,423
Varus S11 Spring,144,130,8%,77,67,53%,3.7,5.7,31:16,8.5,591,409
Vayne S11 Spring,164,92,8%,78,86,48%,3.0,7.5,31:17,8.5,460,417
Wukong S11 Spring,136,90,7%,64,72,47%,2.5,8.4,31:29,7.1,390,367
Braum S11 Spring,169,51,7%,74,95,44%,3.1,8.4,31:09,1.1,168,229
Caitlyn S11 Spring,103,110,6%,44,59,43%,3.2,4.6,32:13,8.8,540,425
Jarvan IV S11 Spring,133,71,6%,58,75,44%,2.9,6.6,32:05,4.6,254,309
Karthus S11 Spring,84,119,6%,41,43,49%,3.1,4.1,31:18,7.3,681,386
Shen S11 Spring,98,101,6%,43,55,44%,3.4,6.9,32:01,5.7,268,318
Ekko S11 Spring,103,86,6%,54,49,52%,3.3,6.0,32:10,8.2,415,398
Urgot S11 Spring,98,78,5%,42,56,43%,2.6,6.7,31:11,7.7,420,396
Morgana S11 Spring,86,79,5%,36,50,42%,3.2,6.1,31:06,3.1,290,281
Rumble S11 Spring,111,52,5%,58,53,52%,3.9,5.5,31:17,6.7,531,362
LeBlanc S11 Spring,63,93,5%,31,32,49%,4.0,5.4,30:52,7.6,508,377
Ashe S11 Spring,107,39,4%,52,55,49%,3.8,8.4,31:58,8.1,483,387
Corki S11 Spring,99,46,4%,50,49,51%,3.8,7.6,32:23,9.3,658,427
Lulu S11 Spring,89,50,4%,30,59,34%,3.2,7.1,32:02,2.8,189,256
Chogath S11 Spring,100,34,4%,48,52,48%,2.3,8.6,32:25,7.0,381,355
Lee Sin S11 Spring,75,55,4%,51,24,68%,4.7,4.8,30:00,6.6,321,374
Kindred S11 Spring,76,52,4%,34,42,45%,2.6,6.3,31:21,6.6,391,368
Kennen S11 Spring,67,58,4%,30,37,45%,2.4,8.3,31:27,7.4,457,361
Fiora S11 Spring,47,68,3%,20,27,43%,1.8,5.5,31:48,8.6,460,410
Kayn S11 Spring,78,31,3%,36,42,46%,2.5,6.4,30:33,6.8,372,368
Maokai S11 Spring,72,35,3%,46,26,64%,3.2,7.5,33:19,2.0,450,252
Blitzcrank S11 Spring,64,38,3%,32,32,50%,2.5,8.1,32:28,1.0,172,233
Dr. Mundo S11 Spring,79,23,3%,38,41,48%,3.2,7.6,31:49,6.1,372,342
Jax S11 Spring,49,50,3%,22,27,45%,1.8,8.1,30:37,7.7,378,388
Cassiopeia S11 Spring,60,37,3%,21,39,35%,2.7,8.6,32:01,8.5,459,390
Darius S11 Spring,27,63,3%,16,11,59%,3.3,6.7,32:19,7.9,466,406
Ivern S11 Spring,33,57,3%,15,18,45%,3.4,3.3,31:56,4.9,179,291
Kassadin S11 Spring,37,52,3%,20,17,54%,4.0,7.4,30:09,8.6,524,419
Sivir S11 Spring,67,22,3%,22,45,33%,3.4,8.9,33:27,9.5,546,422
KhaZix S11 Spring,40,46,3%,25,15,63%,3.8,6.1,31:47,6.1,433,369
Ahri S11 Spring,49,33,2%,23,26,47%,4.1,6.4,32:26,8.2,463,381
Anivia S11 Spring,30,52,2%,9,21,30%,1.9,5.6,30:38,8.0,379,366
Draven S11 Spring,40,41,2%,23,17,58%,3.7,5.8,30:40,8.7,504,457
Zilean S11 Spring,31,46,2%,17,14,55%,6.5,6.3,31:12,6.4,374,337
Bard S11 Spring,56,18,2%,29,27,52%,3.3,7.7,33:29,1.1,211,237
Yasuo S11 Spring,32,41,2%,15,17,47%,2.3,6.7,30:58,8.1,391,400
Elise S11 Spring,24,34,2%,12,12,50%,2.7,4.8,32:58,5.1,362,329
Mordekaiser S11 Spring,36,19,2%,21,15,58%,2.2,8.8,30:23,7.5,443,376
Quinn S11 Spring,24,31,2%,12,12,50%,2.7,7.4,32:15,8.3,621,422
Riven S11 Spring,17,37,2%,11,6,65%,3.2,5.7,30:28,8.1,409,426
Ziggs S11 Spring,34,17,2%,15,19,44%,3.5,7.0,32:54,8.3,630,387
Evelynn S11 Spring,15,34,1%,7,8,47%,3.2,3.1,31:51,5.7,492,365
RekSai S11 Spring,33,16,1%,19,14,58%,2.7,5.4,31:43,5.5,325,350
Vladimir S11 Spring,28,20,1%,11,17,39%,2.6,6.8,32:26,7.9,511,375
Qiyana S11 Spring,28,18,1%,8,20,29%,1.8,6.2,31:38,6.9,433,355
Sejuani S11 Spring,30,15,1%,10,20,33%,2.7,6.1,30:12,5.4,269,308
Heimerdinger S11 Spring,20,24,1%,11,9,55%,2.6,3.8,33:50,7.3,568,374
VelKoz S11 Spring,22,15,1%,10,12,45%,4.4,7.8,34:22,8.3,603,380
Veigar S11 Spring,26,9,1%,8,18,31%,2.8,6.6,31:10,7.5,364,370
Xin Zhao S11 Spring,18,16,1%,7,11,39%,2.6,6.2,31:44,5.8,434,345
Pyke S11 Spring,21,13,1%,14,7,67%,3.1,7.3,31:21,1.5,207,307
Janna S11 Spring,23,8,1%,9,14,39%,2.6,7.3,31:51,0.7,144,235
Poppy S11 Spring,23,8,1%,13,10,57%,2.6,7.5,30:31,4.5,308,290
Trundle S11 Spring,29,2,1%,7,22,24%,2.1,9.0,30:25,5.1,223,302
Kled S11 Spring,20,10,1%,9,11,45%,2.5,7.1,32:46,7.4,358,360
Neeko S11 Spring,28,1,1%,13,15,46%,2.4,9.0,32:57,5.8,415,325
Taric S11 Spring,15,12,1%,6,9,40%,3.1,3.7,29:22,1.4,69,230
Zed S11 Spring,15,11,1%,7,8,47%,2.9,8.5,30:58,7.5,576,403
Annie S11 Spring,12,13,1%,6,6,50%,4.1,6.6,31:29,7.3,421,359
Malzahar S11 Spring,12,12,1%,8,4,67%,2.9,6.3,32:19,7.8,542,389
Swain S11 Spring,13,9,1%,8,5,62%,5.1,8.0,34:10,7.1,687,380
Nunu S11 Spring,5,16,1%,0,5,0%,1.5,3.9,31:27,4.5,222,258
Aurelion Sol S11 Spring,6,15,1%,6,0,100%,5.4,3.0,36:58,7.7,522,390
Diana S11 Spring,8,10,1%,4,4,50%,2.8,7.0,30:29,7.1,588,383
Lux S11 Spring,11,7,1%,5,6,45%,3.2,8.1,30:40,2.4,319,267
Katarina S11 Spring,4,13,1%,1,3,25%,2.9,3.3,30:15,6.9,575,385
KogMaw S11 Spring,12,5,1%,2,10,17%,1.3,2.4,29:35,9.1,622,391
Garen S11 Spring,12,4,0%,8,4,67%,4.1,4.5,30:41,6.0,455,389
Fizz S11 Spring,7,6,0%,4,3,57%,3.7,8.2,31:25,7.2,511,383
Shyvana S11 Spring,11,2,0%,5,6,45%,2.9,8.0,31:03,6.4,523,357
Yorick S11 Spring,4,9,0%,0,4,0%,0.9,5.3,30:02,8.1,440,380
Yuumi S11 Spring,4,9,0%,0,4,0%,1.9,8.4,31:46,0.4,228,212
Nasus S11 Spring,9,3,0%,4,5,44%,2.1,7.0,30:16,7.2,438,370
Soraka S11 Spring,9,3,0%,5,4,56%,3.5,5.7,33:13,4.2,218,277
Rengar S11 Spring,4,7,0%,1,3,25%,1.4,4.4,30:52,5.8,298,342
Viego S11 Spring,4,7,0%,3,1,75%,3.6,3.7,28:03,6.6,493,440
Fiddlesticks S11 Spring,2,8,0%,0,2,0%,2.0,6.4,31:09,6.1,364,297
Kayle S11 Spring,6,1,0%,3,3,50%,3.1,9.0,33:06,8.6,441,399
Lissandra S11 Spring,5,1,0%,1,4,20%,2.3,5.0,28:16,7.5,514,366
Illaoi S11 Spring,2,4,0%,0,2,0%,0.4,7.3,26:01,8.1,313,362
Twitch S11 Spring,4,1,0%,1,3,25%,1.6,2.0,31:19,6.9,623,359
Zyra S11 Spring,3,2,0%,1,2,33%,1.2,4.0,35:44,0.8,409,249
Amumu S11 Spring,1,3,0%,0,1,0%,2.0,5.7,29:58,1.2,296,232
Nami S11 Spring,2,2,0%,0,2,0%,1.0,9.0,25:30,0.7,132,224
Tryndamere S11 Spring,3,1,0%,3,0,100%,4.0,7.0,34:23,9.2,461,475
Xerath S11 Spring,3,1,0%,2,1,67%,8.3,9.0,31:01,8.8,556,381
Zac S11 Spring,2,1,0%,0,2,0%,1.0,10.0,29:45,5.3,211,293
Shaco S11 Spring,2,0,0%,1,1,50%,2.3,-,29:51,5.4,280,324
Talon S11 Spring,1,1,0%,0,1,0%,1.0,4.0,26:12,7.0,275,324
Teemo S11 Spring,1,1,0%,1,0,100%,5.0,9.0,26:10,6.8,568,372
Rammus S11 Spring,1,0,0%,0,1,0%,0.4,-,18:13,4.0,140,259
Singed S11 Spring,1,0,0%,1,0,100%,17.0,-,23:01,5.6,545,438
Warwick S11 Spring,0,1,0%,,,,,6.0,,,,
Brand S11 Spring,0,0,0%,,,,,-,,,,
Master Yi S11 Spring,0,0,0%,,,,,-,,,,
Sona S11 Spring,0,0,0%,,,,,-,,,,
Vi S11 Spring,0,0,0%,,,,,-,,,,
Gwen S11 Spring,0,0,0%,,,,,-,,,,
Akshan S11 Spring,0,0,0%,,,,,-,,,,
Vex S11 Spring,0,0,0%,,,,,-,,,,
Zeri S11 Spring,0,0,0%,,,,,-,,,,
Renata Glasc S11 Spring,0,0,0%,,,,,-,,,,
Belveth S11 Spring,0,0,0%,,,,,-,,,,
Nilah S11 Spring,0,0,0%,,,,,-,,,,
KSante S11 Spring,0,0,0%,,,,,-,,,,
Milio S11 Spring,0,0,0%,,,,,-,,,,
Naafiri S11 Spring,0,0,0%,,,,,-,,,,
Briar S11 Spring,0,0,0%,,,,,-,,,,
Hwei S11 Spring,0,0,0%,,,,,-,,,,
Smolder S11 Spring,0,0,0%,,,,,-,,,,
Xin Zhao S11 Summer,1180,1871,77%,613,567,52%,2.9,4.2,31:49,5.6,371,343
Lee Sin S11 Summer,1683,1344,77%,902,781,54%,3.6,4.3,31:49,6.4,353,363
Viego S11 Summer,1419,1417,72%,736,683,52%,3.6,4.2,32:02,6.7,361,375
Thresh S11 Summer,985,1751,69%,492,493,50%,3.4,4.5,32:01,1.1,110,233
Renekton S11 Summer,958,1486,62%,467,491,49%,2.7,4.7,31:47,8.0,376,384
Gwen S11 Summer,781,1612,61%,407,374,52%,2.8,4.3,31:36,7.7,472,390
Leona S11 Summer,1601,745,60%,821,780,51%,2.6,8.0,31:49,1.2,120,232
Varus S11 Summer,1113,1166,58%,560,553,50%,3.8,5.4,32:28,8.6,615,407
LeBlanc S11 Summer,720,1395,54%,365,355,51%,4.5,4.7,32:04,7.8,572,388
Ezreal S11 Summer,1220,713,49%,640,580,52%,4.5,5.9,32:02,8.9,676,413
Lucian S11 Summer,643,1243,48%,297,346,46%,3.1,5.0,31:55,8.8,521,416
Sett S11 Summer,965,745,43%,479,486,50%,2.3,6.0,31:34,6.2,381,345
Nautilus S11 Summer,1048,661,43%,488,560,47%,2.4,8.2,31:41,1.2,152,230
Nocturne S11 Summer,499,1163,42%,257,242,52%,3.0,4.0,31:47,7.1,358,368
Diana S11 Summer,887,709,40%,449,438,51%,2.9,5.0,31:24,6.6,419,371
Jayce S11 Summer,665,931,40%,346,319,52%,2.6,6.5,32:01,8.4,627,406
Braum S11 Summer,844,677,39%,415,429,49%,3.4,8.2,32:08,1.1,162,230
Ziggs S11 Summer,542,975,38%,267,275,49%,3.8,4.1,32:45,8.7,690,407
Akali S11 Summer,534,981,38%,289,245,54%,3.4,4.4,31:55,7.6,504,388
Aphelios S11 Summer,953,512,37%,516,437,54%,3.7,5.3,31:51,9.3,523,436
Camille S11 Summer,619,795,36%,344,275,56%,2.8,6.1,31:43,7.4,458,393
Karma S11 Summer,494,847,34%,215,279,44%,3.9,4.7,32:19,4.0,271,285
Ryze S11 Summer,727,595,34%,336,391,46%,3.2,6.2,31:44,9.2,455,420
Irelia S11 Summer,331,921,32%,163,168,49%,2.3,4.4,31:15,8.8,438,421
Kalista S11 Summer,490,718,31%,251,239,51%,3.9,5.3,31:38,9.4,401,431
Sylas S11 Summer,604,573,30%,301,303,50%,3.0,7.5,31:11,7.6,462,384
Tristana S11 Summer,689,451,29%,332,357,48%,3.5,6.2,30:59,9.2,476,437
Lulu S11 Summer,421,675,28%,197,224,47%,4.7,4.7,31:18,3.7,194,279
Rumble S11 Summer,680,414,28%,336,344,49%,3.6,4.9,32:07,6.1,473,355
Rakan S11 Summer,720,363,27%,403,317,56%,4.0,7.6,31:42,1.2,149,241
Syndra S11 Summer,543,516,27%,245,298,45%,2.9,5.6,32:46,8.3,525,385
Gnar S11 Summer,633,361,25%,305,328,48%,2.8,7.4,32:37,7.7,469,377
Volibear S11 Summer,641,349,25%,276,365,43%,2.9,6.6,31:40,5.3,308,327
Twisted Fate S11 Summer,340,579,23%,202,138,59%,4.3,5.4,32:18,7.7,432,408
Kaisa S11 Summer,634,241,22%,295,339,47%,4.0,7.7,31:24,9.3,450,432
Orianna S11 Summer,572,291,22%,278,294,49%,4.1,8.0,32:19,8.7,491,397
Trundle S11 Summer,521,325,21%,268,253,51%,3.8,5.9,32:17,4.4,245,312
Tahm Kench S11 Summer,436,363,20%,218,218,50%,3.0,6.2,31:49,4.0,234,283
Alistar S11 Summer,500,244,19%,265,235,53%,3.0,8.4,31:37,1.1,139,232
Galio S11 Summer,353,262,16%,176,177,50%,3.5,6.7,32:02,3.9,285,289
Kennen S11 Summer,286,291,15%,160,126,56%,2.7,7.1,32:40,7.4,527,378
Senna S11 Summer,189,356,14%,106,83,56%,5.1,4.5,31:49,1.6,460,309
Olaf S11 Summer,287,253,14%,143,144,50%,2.9,5.8,31:58,6.1,396,354
Nidalee S11 Summer,200,310,13%,95,105,48%,4.1,4.5,31:49,6.4,467,366
Wukong S11 Summer,266,233,13%,140,126,53%,2.9,8.4,31:51,7.0,385,372
Zoe S11 Summer,218,270,12%,102,116,47%,4.0,6.3,32:55,7.6,546,368
Viktor S11 Summer,302,179,12%,168,134,56%,3.9,7.6,33:00,8.6,673,408
Jinx S11 Summer,362,111,12%,165,197,46%,3.8,7.6,31:17,9.7,539,441
Gangplank S11 Summer,245,221,12%,112,133,46%,2.9,7.5,33:07,8.1,608,423
Dr. Mundo S11 Summer,327,138,12%,143,184,44%,3.0,7.3,31:23,7.3,522,362
Rell S11 Summer,317,123,11%,174,143,55%,2.7,8.3,31:20,1.1,146,234
Ashe S11 Summer,289,142,11%,123,166,43%,3.6,7.7,32:10,8.6,448,396
Graves S11 Summer,218,203,11%,107,111,49%,3.1,4.4,31:33,8.0,514,410
Udyr S11 Summer,213,190,10%,89,124,42%,3.3,4.8,31:40,6.1,184,331
Azir S11 Summer,255,131,10%,114,141,45%,3.0,7.5,31:48,8.8,529,398
Seraphine S11 Summer,176,186,9%,82,94,47%,4.2,5.6,31:12,6.4,368,337
Gragas S11 Summer,266,83,9%,136,130,51%,3.0,8.1,32:02,4.5,345,301
Jhin S11 Summer,298,49,9%,134,164,45%,4.9,7.2,31:59,8.7,452,408
KogMaw S11 Summer,174,157,8%,70,104,40%,3.2,7.1,32:11,9.0,615,415
Jarvan IV S11 Summer,192,137,8%,93,99,48%,3.6,6.4,32:05,5.2,301,334
Yuumi S11 Summer,100,229,8%,48,52,48%,5.8,4.3,31:18,0.3,336,243
Ornn S11 Summer,217,90,8%,106,111,49%,3.2,7.9,31:52,6.7,359,334
Xayah S11 Summer,205,96,8%,106,99,52%,4.3,7.3,31:46,9.3,564,441
Jax S11 Summer,123,136,7%,66,57,54%,2.5,7.9,31:22,7.9,444,408
Miss Fortune S11 Summer,187,63,6%,91,96,49%,3.5,5.5,31:58,9.1,517,429
Draven S11 Summer,89,159,6%,47,42,53%,3.8,5.6,31:25,8.9,526,464
Yasuo S11 Summer,115,121,6%,58,57,50%,2.8,6.6,31:04,8.6,361,417
Aatrox S11 Summer,161,62,6%,75,86,47%,2.5,7.7,31:46,7.4,457,370
Malphite S11 Summer,87,130,6%,48,39,55%,3.2,8.4,31:10,6.3,370,332
Kindred S11 Summer,105,105,5%,50,55,48%,3.1,6.0,31:30,7.2,447,395
Lissandra S11 Summer,133,76,5%,77,56,58%,3.5,7.7,32:02,7.9,443,372
Fiora S11 Summer,89,97,5%,37,52,42%,2.5,6.2,31:31,8.0,463,403
Yone S11 Summer,86,71,4%,27,59,31%,2.4,7.6,30:15,8.4,427,397
Sejuani S11 Summer,117,39,4%,47,70,40%,3.3,7.6,32:00,5.2,298,319
Hecarim S11 Summer,108,43,4%,45,63,42%,3.0,6.4,32:09,5.9,306,348
Talon S11 Summer,51,92,4%,31,20,61%,3.1,3.8,30:15,6.6,435,393
Caitlyn S11 Summer,75,67,4%,38,37,51%,3.7,4.5,31:24,9.1,597,444
Corki S11 Summer,72,70,4%,40,32,56%,4.1,6.9,31:35,9.2,679,433
Lillia S11 Summer,83,58,4%,30,53,36%,3.1,5.9,31:14,6.8,489,359
Bard S11 Summer,84,52,3%,52,32,62%,5.6,6.7,31:06,1.2,214,249
Karthus S11 Summer,56,77,3%,28,28,50%,2.9,4.7,31:17,7.6,732,410
Cassiopeia S11 Summer,73,59,3%,33,40,45%,2.8,7.7,31:10,8.6,501,413
Fiddlesticks S11 Summer,39,86,3%,26,13,67%,3.4,4.7,30:40,6.1,388,354
Sion S11 Summer,81,40,3%,42,39,52%,2.7,7.1,31:00,6.9,364,342
Samira S11 Summer,70,51,3%,39,31,56%,3.4,8.0,31:34,8.9,471,435
Qiyana S11 Summer,57,60,3%,32,25,56%,3.1,5.8,30:27,6.3,435,370
Zac S11 Summer,62,46,3%,33,29,53%,4.2,6.5,31:41,5.3,293,325
Sivir S11 Summer,73,32,3%,41,32,56%,4.9,7.2,32:37,9.9,554,440
Nami S11 Summer,70,34,3%,30,40,43%,3.6,4.8,31:02,0.5,184,241
Vex S11 Summer,44,60,3%,23,21,52%,3.6,5.2,30:08,7.3,595,381
Morgana S11 Summer,59,43,3%,21,38,36%,3.0,6.5,31:03,3.6,305,294
Zed S11 Summer,54,48,3%,27,27,50%,3.3,4.8,29:57,7.1,535,409
Poppy S11 Summer,59,42,3%,29,30,49%,2.6,7.1,32:36,5.0,280,313
Taric S11 Summer,54,45,3%,22,32,41%,3.2,8.3,30:14,1.2,103,236
Vayne S11 Summer,74,23,2%,35,39,47%,3.3,8.7,31:25,8.8,483,429
Kassadin S11 Summer,34,56,2%,19,15,56%,4.4,5.4,31:24,8.3,619,427
RekSai S11 Summer,31,55,2%,17,14,55%,2.4,3.9,33:24,5.3,310,340
Tryndamere S11 Summer,30,54,2%,14,16,47%,3.4,5.9,32:42,9.1,421,448
Pyke S11 Summer,42,36,2%,23,19,55%,2.3,6.6,31:26,1.4,195,300
Amumu S11 Summer,36,37,2%,18,18,50%,1.9,5.8,30:46,1.2,176,240
KhaZix S11 Summer,40,30,2%,24,16,60%,3.9,5.5,32:19,6.4,404,370
Urgot S11 Summer,32,36,2%,11,21,34%,2.5,4.9,32:19,7.8,400,399
Heimerdinger S11 Summer,19,48,2%,11,8,58%,3.3,2.7,31:43,7.8,608,385
Blitzcrank S11 Summer,35,28,2%,18,17,51%,2.7,8.4,30:46,1.1,174,241
Shen S11 Summer,39,20,1%,16,23,41%,2.7,7.4,30:39,4.8,227,297
Xerath S11 Summer,36,23,1%,17,19,47%,4.8,6.6,35:15,8.1,775,384
Mordekaiser S11 Summer,45,12,1%,24,21,53%,2.4,8.8,33:31,7.5,530,382
Ekko S11 Summer,30,26,1%,15,15,50%,3.1,6.0,31:19,7.4,444,394
Evelynn S11 Summer,11,43,1%,8,3,73%,5.1,4.4,31:12,5.9,564,376
Zilean S11 Summer,32,17,1%,14,18,44%,4.0,8.6,32:36,1.4,202,245
Ahri S11 Summer,22,26,1%,11,11,50%,4.5,6.1,33:44,7.8,542,382
Kayle S11 Summer,15,32,1%,6,9,40%,2.2,3.8,31:35,9.3,422,422
Chogath S11 Summer,32,10,1%,17,15,53%,2.8,8.5,31:22,7.3,372,367
Taliyah S11 Summer,27,15,1%,11,16,41%,3.1,6.9,30:40,6.4,460,370
Darius S11 Summer,21,17,1%,11,10,52%,3.2,8.5,31:08,7.8,422,413
Elise S11 Summer,12,22,1%,4,8,33%,1.7,6.8,28:56,5.0,310,316
Lux S11 Summer,26,8,1%,14,12,54%,4.8,4.3,32:56,4.3,540,317
Malzahar S11 Summer,25,9,1%,14,11,56%,3.6,9.1,32:45,8.1,553,395
Kled S11 Summer,22,9,1%,8,14,36%,2.3,6.7,31:54,7.3,376,365
Kayn S11 Summer,19,11,1%,10,9,53%,2.5,7.0,33:10,6.7,401,371
Katarina S11 Summer,5,23,1%,1,4,20%,2.2,4.6,34:25,6.8,361,354
Vladimir S11 Summer,18,10,1%,10,8,56%,3.8,7.4,30:27,8.4,523,399
Riven S11 Summer,13,14,1%,6,7,46%,2.2,6.1,31:09,7.3,375,376
Shaco S11 Summer,8,19,1%,6,2,75%,7.1,4.2,33:26,5.1,342,335
Ivern S11 Summer,2,22,1%,1,1,50%,3.9,2.3,36:44,4.3,224,304
Nasus S11 Summer,17,6,1%,8,9,47%,2.6,2.7,30:41,7.6,539,393
Skarner S11 Summer,13,10,1%,7,6,54%,3.9,5.8,32:18,5.3,209,329
Akshan S11 Summer,3,20,1%,1,2,33%,3.0,4.4,27:42,7.2,437,417
Maokai S11 Summer,20,1,1%,8,12,40%,1.8,8.0,30:59,2.1,382,239
Annie S11 Summer,5,14,0%,4,1,80%,5.7,4.9,30:51,6.4,545,381
Twitch S11 Summer,18,1,0%,9,9,50%,3.8,8.0,31:55,8.4,626,430
Soraka S11 Summer,9,8,0%,5,4,56%,4.7,7.3,30:45,2.8,187,256
Pantheon S11 Summer,14,2,0%,9,5,64%,2.5,5.0,32:02,4.8,382,325
Neeko S11 Summer,9,7,0%,1,8,11%,1.0,8.3,31:12,3.1,296,259
Anivia S11 Summer,6,8,0%,2,4,33%,2.2,7.4,31:27,8.3,441,397
Aurelion Sol S11 Summer,3,9,0%,2,1,67%,3.9,5.2,35:21,7.6,455,365
Brand S11 Summer,6,5,0%,4,2,67%,2.7,5.4,31:22,5.7,522,350
Illaoi S11 Summer,2,8,0%,0,2,0%,0.5,2.3,30:00,7.8,583,365
Nunu S11 Summer,2,7,0%,0,2,0%,2.1,2.3,35:59,5.5,275,299
Swain S11 Summer,7,2,0%,4,3,57%,4.4,7.0,31:26,7.5,603,387
VelKoz S11 Summer,7,1,0%,3,4,43%,3.8,2.0,33:39,7.6,573,370
Vi S11 Summer,6,1,0%,3,3,50%,5.7,8.0,32:35,5.5,230,327
Quinn S11 Summer,1,4,0%,1,0,100%,15.0,6.5,27:10,8.7,763,448
Teemo S11 Summer,2,3,0%,2,0,100%,2.7,4.3,30:27,8.7,582,462
Garen S11 Summer,3,1,0%,1,2,33%,2.5,8.0,31:15,7.3,589,405
Veigar S11 Summer,1,3,0%,0,1,0%,1.3,7.7,27:29,7.3,231,337
Shyvana S11 Summer,2,1,0%,0,2,0%,0.9,7.0,27:51,5.9,347,317
Yorick S11 Summer,2,1,0%,0,2,0%,1.0,4.0,36:47,8.8,392,396
Zyra S11 Summer,1,2,0%,0,1,0%,2.0,3.5,36:41,1.3,780,264
Fizz S11 Summer,2,0,0%,1,1,50%,2.0,-,26:51,7.1,454,389
Janna S11 Summer,1,1,0%,0,1,0%,4.5,10.0,39:40,1.3,185,203
Master Yi S11 Summer,0,2,0%,,,,,6.0,,,,
Rengar S11 Summer,2,0,0%,0,2,0%,2.3,-,30:33,6.2,393,329
Singed S11 Summer,2,0,0%,1,1,50%,3.1,-,32:03,6.9,423,341
Warwick S11 Summer,1,1,0%,0,1,0%,0.6,5.0,24:10,3.8,369,270
Rammus S11 Summer,0,1,0%,,,,,6.0,,,,
Sona S11 Summer,0,1,0%,,,,,8.0,,,,
Zeri S11 Summer,0,0,0%,,,,,-,,,,
Renata Glasc S11 Summer,0,0,0%,,,,,-,,,,
Belveth S11 Summer,0,0,0%,,,,,-,,,,
Nilah S11 Summer,0,0,0%,,,,,-,,,,
KSante S11 Summer,0,0,0%,,,,,-,,,,
Milio S11 Summer,0,0,0%,,,,,-,,,,
Naafiri S11 Summer,0,0,0%,,,,,-,,,,
Briar S11 Summer,0,0,0%,,,,,-,,,,
Hwei S11 Summer,0,0,0%,,,,,-,,,,
Smolder S11 Summer,0,0,0%,,,,,-,,,,
Jinx S12 Spring,1983,1016,81%,1044,939,53%,4.2,4.6,31:47,9.6,548,449
Zeri S12 Spring,599,1951,69%,349,250,58%,5.0,3.7,31:34,9.4,568,452
Lee Sin S12 Spring,1313,1158,66%,675,638,51%,3.4,4.3,32:00,5.4,277,342
Gwen S12 Spring,918,1466,64%,478,440,52%,2.8,5.0,31:48,8.1,471,399
Xin Zhao S12 Spring,1392,950,63%,693,699,50%,2.7,5.0,32:16,5.4,303,330
Nautilus S12 Spring,1531,690,60%,750,781,49%,2.3,7.2,31:40,1.1,139,232
Aphelios S12 Spring,1676,526,59%,818,858,49%,3.4,4.8,32:07,9.1,508,433
Ryze S12 Spring,879,1101,53%,402,477,46%,3.6,4.7,31:29,9.0,407,406
Leona S12 Spring,1309,535,50%,665,644,51%,2.4,7.6,32:14,1.2,108,233
LeBlanc S12 Spring,515,1261,48%,244,271,47%,3.9,5.5,32:04,7.8,520,383
Caitlyn S12 Spring,304,1377,45%,157,147,52%,3.9,3.7,33:00,9.1,510,439
Jayce S12 Spring,659,1017,45%,336,323,51%,2.5,6.7,32:08,8.5,657,416
Hecarim S12 Spring,735,894,44%,379,356,52%,3.5,4.5,31:28,5.8,287,347
Viego S12 Spring,1100,487,43%,534,566,49%,3.3,5.5,32:05,5.7,281,349
Thresh S12 Spring,685,898,43%,360,325,53%,3.1,5.3,32:30,1.1,106,234
Ahri S12 Spring,842,738,42%,449,393,53%,4.5,5.1,31:39,8.3,485,399
Twisted Fate S12 Spring,325,1230,42%,182,143,56%,4.5,3.9,31:55,7.7,399,403
Akali S12 Spring,497,1028,41%,267,230,54%,3.1,5.1,32:39,7.6,484,385
Viktor S12 Spring,912,557,40%,458,454,50%,3.5,6.6,32:37,8.8,643,406
Tryndamere S12 Spring,400,946,36%,205,195,51%,2.9,5.7,31:46,8.9,388,431
Karma S12 Spring,468,843,35%,204,264,44%,3.3,4.4,32:23,1.9,253,255
Corki S12 Spring,535,771,35%,283,252,53%,4.1,4.8,33:18,9.2,715,441
Graves S12 Spring,813,472,35%,387,426,48%,2.7,5.7,32:00,8.8,497,414
Camille S12 Spring,498,756,34%,268,230,54%,2.5,7.4,31:18,7.5,428,387
Renekton S12 Spring,474,756,33%,210,264,44%,2.3,5.1,31:51,8.1,359,382
Volibear S12 Spring,654,538,32%,347,307,53%,3.2,4.8,31:48,5.0,273,324
Gnar S12 Spring,772,406,32%,390,382,51%,2.5,7.4,31:48,8.0,465,391
Jarvan IV S12 Spring,585,557,31%,293,292,50%,3.4,6.0,32:09,4.9,245,324
Rakan S12 Spring,666,459,30%,346,320,52%,3.8,7.6,31:58,1.2,140,241
Diana S12 Spring,306,799,30%,146,160,48%,2.8,3.9,31:10,6.7,398,374
Tahm Kench S12 Spring,603,468,29%,311,292,52%,2.9,6.3,31:51,1.4,161,238
Vex S12 Spring,451,616,29%,228,223,51%,3.3,6.9,31:53,7.7,477,375
Syndra S12 Spring,427,582,27%,188,239,44%,2.8,7.0,32:18,8.3,507,384
Jhin S12 Spring,676,171,23%,316,360,47%,5.2,6.4,32:30,8.7,462,412
Orianna S12 Spring,502,269,21%,248,254,49%,4.4,7.7,32:04,8.8,463,400
Xayah S12 Spring,496,275,21%,252,244,51%,4.0,5.6,32:03,9.2,598,430
Gragas S12 Spring,538,201,20%,240,298,45%,2.5,7.5,32:33,6.6,378,328
Lulu S12 Spring,312,368,18%,153,159,49%,4.3,7.1,31:46,0.9,108,237
Ornn S12 Spring,410,247,18%,206,204,50%,3.2,7.3,31:57,6.8,353,335
Yuumi S12 Spring,216,386,16%,97,119,45%,5.2,6.1,31:19,0.3,266,232
Gangplank S12 Spring,228,322,15%,130,98,57%,3.3,7.3,32:29,8.5,617,443
Trundle S12 Spring,327,221,15%,163,164,50%,3.3,5.6,32:38,4.8,242,319
Ezreal S12 Spring,398,137,14%,168,230,42%,3.2,8.1,32:14,9.0,641,416
Veigar S12 Spring,206,309,14%,100,106,49%,4.0,6.2,32:00,8.4,451,403
Irelia S12 Spring,149,363,14%,84,65,56%,2.1,6.3,31:43,8.9,424,422
Sylas S12 Spring,265,246,14%,140,125,53%,3.1,7.6,31:22,7.7,450,388
Renata Glasc S12 Spring,223,257,13%,118,105,53%,3.9,6.2,30:42,1.0,155,244
Braum S12 Spring,302,174,13%,134,168,44%,2.9,8.3,32:08,1.1,153,228
Kaisa S12 Spring,283,163,12%,136,147,48%,3.9,6.3,31:13,9.0,594,440
Zoe S12 Spring,175,265,12%,86,89,49%,4.7,6.0,32:05,7.8,527,377
Lucian S12 Spring,173,235,11%,90,83,52%,3.3,4.1,31:56,8.9,533,434
Galio S12 Spring,193,209,11%,103,90,53%,3.7,5.8,30:49,6.1,339,336
Kennen S12 Spring,228,162,10%,108,120,47%,2.2,8.2,32:07,7.7,506,374
Sett S12 Spring,245,138,10%,119,126,49%,2.1,7.5,31:59,4.1,310,307
Alistar S12 Spring,273,108,10%,129,144,47%,2.7,8.5,32:13,1.0,128,231
Poppy S12 Spring,160,183,9%,83,77,52%,2.8,6.4,33:39,5.2,245,310
Sion S12 Spring,236,100,9%,117,119,50%,2.9,7.6,31:48,7.2,368,350
Aatrox S12 Spring,223,110,9%,116,107,52%,2.7,8.6,31:16,8.0,461,394
Malphite S12 Spring,131,193,9%,72,59,55%,3.1,8.6,31:21,6.6,393,338
Jax S12 Spring,131,182,8%,71,60,54%,2.1,8.3,31:27,8.2,403,407
Akshan S12 Spring,87,204,8%,43,44,49%,2.8,5.2,31:41,8.2,455,403
Zilean S12 Spring,133,155,8%,62,71,47%,4.6,6.4,31:55,4.3,226,287
Senna S12 Spring,149,133,8%,78,71,52%,4.4,4.5,31:56,4.5,456,355
Yasuo S12 Spring,111,151,7%,55,56,50%,2.7,6.4,30:58,8.5,350,414
Lux S12 Spring,171,83,7%,93,78,54%,3.3,5.5,32:48,1.5,338,264
Varus S12 Spring,185,67,7%,80,105,43%,3.3,7.0,32:19,8.6,542,407
Seraphine S12 Spring,111,126,6%,63,48,57%,4.8,4.3,31:55,6.3,348,346
Azir S12 Spring,125,82,6%,57,68,46%,3.2,7.2,33:12,8.9,565,403
Fiora S12 Spring,86,117,5%,45,41,52%,2.5,5.2,30:59,8.2,475,405
Nidalee S12 Spring,64,125,5%,29,35,45%,3.9,3.3,32:45,6.4,458,370
Tristana S12 Spring,121,56,5%,45,76,37%,2.9,7.0,31:10,9.2,440,438
Wukong S12 Spring,89,80,5%,45,44,51%,2.7,5.7,31:36,6.7,344,362
Rell S12 Spring,111,54,4%,55,56,50%,2.6,6.6,31:48,1.1,131,234
Ziggs S12 Spring,87,71,4%,35,52,40%,3.4,5.6,33:01,8.7,666,406
Nocturne S12 Spring,93,64,4%,46,47,49%,3.1,5.5,31:25,5.8,282,342
Karthus S12 Spring,46,101,4%,18,28,39%,2.5,2.9,31:21,7.7,742,406
RekSai S12 Spring,76,66,4%,30,46,39%,2.1,5.1,31:19,5.5,312,344
Olaf S12 Spring,74,66,4%,39,35,53%,2.6,7.0,32:41,5.9,357,346
Samira S12 Spring,60,80,4%,27,33,45%,2.8,4.8,30:20,8.5,447,427
Miss Fortune S12 Spring,87,45,4%,41,46,47%,3.5,6.3,31:35,8.9,594,423
Pyke S12 Spring,68,61,3%,38,30,56%,2.7,6.1,32:26,1.6,193,304
Yone S12 Spring,65,63,3%,36,29,55%,2.9,5.5,30:46,8.9,429,430
Kalista S12 Spring,41,76,3%,24,17,59%,4.2,4.8,32:33,9.2,398,446
Urgot S12 Spring,55,58,3%,20,35,36%,2.2,6.0,31:56,8.2,392,397
Nami S12 Spring,85,23,3%,46,39,54%,4.9,7.3,32:13,0.5,191,250
Xerath S12 Spring,47,51,3%,17,30,36%,4.1,6.5,33:32,7.8,765,389
Rumble S12 Spring,48,47,3%,25,23,52%,3.2,5.8,31:14,6.5,567,368
Udyr S12 Spring,66,24,2%,25,41,38%,2.3,5.4,30:46,6.5,215,346
Blitzcrank S12 Spring,57,32,2%,33,24,58%,2.6,7.5,31:20,1.1,171,241
Draven S12 Spring,33,53,2%,17,16,52%,3.8,5.3,33:29,8.4,571,469
Lissandra S12 Spring,48,34,2%,32,16,67%,3.6,8.3,32:06,8.0,429,375
Talon S12 Spring,29,50,2%,14,15,48%,2.5,4.5,31:58,7.0,385,381
Kassadin S12 Spring,23,54,2%,12,11,52%,4.6,5.6,32:44,8.8,587,425
Darius S12 Spring,27,49,2%,14,13,52%,2.5,7.6,32:38,7.6,390,398
Janna S12 Spring,35,39,2%,15,20,43%,3.7,6.0,34:26,0.7,82,230
Qiyana S12 Spring,32,42,2%,13,19,41%,2.8,3.6,33:25,6.5,451,373
Vayne S12 Spring,50,20,2%,20,30,40%,2.4,8.5,30:27,8.5,462,415
Ashe S12 Spring,52,16,2%,22,30,42%,4.0,6.6,31:57,8.4,476,401
Evelynn S12 Spring,14,54,2%,10,4,71%,3.9,2.9,27:46,6.0,487,374
Cassiopeia S12 Spring,36,28,2%,15,21,42%,3.0,4.7,33:00,8.5,515,408
Soraka S12 Spring,39,25,2%,18,21,46%,3.7,4.6,29:30,3.7,170,277
Shen S12 Spring,38,21,2%,17,21,45%,3.8,7.5,31:21,5.2,280,316
Riven S12 Spring,24,31,1%,6,18,25%,1.7,3.8,31:57,8.2,328,393
KhaZix S12 Spring,18,35,1%,12,6,67%,4.0,3.9,31:48,6.0,458,386
Zed S12 Spring,30,22,1%,19,11,63%,3.7,7.2,33:09,7.2,448,398
Ekko S12 Spring,13,37,1%,6,7,46%,2.7,4.9,28:17,8.2,501,433
Twitch S12 Spring,32,17,1%,18,14,56%,3.6,3.8,33:22,8.1,619,429
Vladimir S12 Spring,30,15,1%,12,18,40%,2.8,7.3,33:56,8.0,576,387
Sejuani S12 Spring,38,6,1%,14,24,37%,2.5,4.0,30:04,5.7,307,332
Bard S12 Spring,33,9,1%,19,14,58%,3.7,7.1,32:03,1.0,203,245
Dr. Mundo S12 Spring,24,17,1%,13,11,54%,2.7,8.6,33:31,7.7,568,369
Kindred S12 Spring,24,12,1%,15,9,63%,3.8,7.3,29:17,7.1,462,412
Ivern S12 Spring,19,13,1%,11,8,58%,3.8,4.6,29:03,5.1,191,302
VelKoz S12 Spring,15,16,1%,11,4,73%,5.1,5.3,33:13,7.8,697,411
Morgana S12 Spring,21,7,1%,11,10,52%,3.9,6.9,30:54,0.7,243,253
Nasus S12 Spring,18,10,1%,8,10,44%,1.9,8.6,30:05,5.1,421,330
Lillia S12 Spring,17,11,1%,9,8,53%,3.5,6.9,32:08,6.8,438,376
Sona S12 Spring,21,6,1%,11,10,52%,4.3,7.2,30:07,1.1,156,247
Annie S12 Spring,6,20,1%,2,4,33%,2.8,3.3,31:37,7.1,497,362
Chogath S12 Spring,20,6,1%,10,10,50%,2.1,7.8,32:10,7.4,382,364
Mordekaiser S12 Spring,19,7,1%,8,11,42%,1.9,7.6,31:39,7.7,470,378
Taric S12 Spring,19,4,1%,7,12,37%,2.7,8.0,31:22,1.2,76,230
Shyvana S12 Spring,17,3,1%,6,11,35%,2.8,4.3,33:31,7.6,506,387
Kled S12 Spring,4,15,1%,4,0,100%,5.4,3.8,35:44,7.8,503,436
KogMaw S12 Spring,14,3,0%,6,8,43%,2.5,9.7,29:31,8.5,566,399
Malzahar S12 Spring,12,5,0%,7,5,58%,3.6,8.2,31:20,8.0,436,382
Sivir S12 Spring,15,2,0%,8,7,53%,3.1,9.5,30:58,9.6,462,417
Kayn S12 Spring,14,1,0%,4,10,29%,2.4,8.0,30:38,6.4,493,395
Zac S12 Spring,10,3,0%,5,5,50%,3.6,9.0,30:46,3.8,286,305
Heimerdinger S12 Spring,3,8,0%,1,2,33%,1.4,2.9,32:11,7.8,488,363
Rengar S12 Spring,4,7,0%,3,1,75%,4.4,2.0,29:42,7.3,589,436
Vi S12 Spring,7,3,0%,4,3,57%,2.5,7.0,31:42,5.7,297,354
Anivia S12 Spring,7,2,0%,4,3,57%,3.1,5.5,29:57,8.7,447,394
Singed S12 Spring,6,3,0%,5,1,83%,2.8,9.7,33:36,6.1,342,345
Skarner S12 Spring,6,3,0%,2,4,33%,3.2,9.0,34:49,4.9,165,306
Taliyah S12 Spring,6,2,0%,1,5,17%,2.3,3.0,34:15,4.4,426,326
Shaco S12 Spring,6,1,0%,3,3,50%,4.0,9.0,30:42,5.1,310,348
Kayle S12 Spring,3,3,0%,1,2,33%,1.9,7.7,28:01,8.8,507,395
Yorick S12 Spring,5,1,0%,3,2,60%,2.7,10.0,26:23,9.1,457,439
Fiddlesticks S12 Spring,0,5,0%,,,,,2.8,,,,
Amumu S12 Spring,1,3,0%,0,1,0%,1.8,7.0,30:02,1.4,174,225
Maokai S12 Spring,4,0,0%,1,3,25%,1.7,-,34:36,2.3,287,231
Nunu S12 Spring,1,2,0%,1,0,100%,7.0,4.0,30:08,5.3,313,357
Teemo S12 Spring,3,0,0%,1,2,33%,2.5,-,30:28,7.1,825,433
Neeko S12 Spring,0,3,0%,,,,,1.3,,,,
Fizz S12 Spring,2,0,0%,0,2,0%,1.9,-,32:14,6.3,265,359
Pantheon S12 Spring,2,0,0%,2,0,100%,2.7,-,31:28,5.0,370,337
Zyra S12 Spring,2,0,0%,0,2,0%,1.8,-,37:19,0.9,329,223
Illaoi S12 Spring,0,2,0%,,,,,4.0,,,,
Aurelion Sol S12 Spring,2,0,0%,1,1,50%,8.0,-,34:37,8.7,601,433
Elise S12 Spring,1,0,0%,0,1,0%,0.8,-,41:54,4.1,243,272
Garen S12 Spring,1,0,0%,0,1,0%,0.8,-,25:26,7.2,555,361
Master Yi S12 Spring,1,0,0%,0,1,0%,1.2,-,25:40,4.1,291,312
Quinn S12 Spring,0,1,0%,,,,,8.0,,,,
Warwick S12 Spring,1,0,0%,1,0,100%,2.4,-,26:14,5.6,553,405
Brand S12 Spring,0,0,0%,,,,,-,,,,
Katarina S12 Spring,0,0,0%,,,,,-,,,,
Rammus S12 Spring,0,0,0%,,,,,-,,,,
Swain S12 Spring,0,0,0%,,,,,-,,,,
Belveth S12 Spring,0,0,0%,,,,,-,,,,
Nilah S12 Spring,0,0,0%,,,,,-,,,,
KSante S12 Spring,0,0,0%,,,,,-,,,,
Milio S12 Spring,0,0,0%,,,,,-,,,,
Naafiri S12 Spring,0,0,0%,,,,,-,,,,
Briar S12 Spring,0,0,0%,,,,,-,,,,
Hwei S12 Spring,0,0,0%,,,,,-,,,,
Smolder S12 Spring,0,0,0%,,,,,-,,,,
Wukong S12 Summer,1651,1593,82%,933,718,57%,3.5,4.7,32:33,5.2,327,337
Kalista S12 Summer,728,1896,67%,383,345,53%,3.8,3.7,31:34,9.2,451,450
Zeri S12 Summer,1158,1341,63%,590,568,51%,4.7,4.1,32:33,9.6,637,449
Azir S12 Summer,1079,1294,60%,546,533,51%,3.4,5.1,32:25,9.1,655,419
Gwen S12 Summer,879,1404,58%,448,431,51%,2.5,5.2,32:13,8.2,517,396
Ahri S12 Summer,1076,1117,56%,567,509,53%,4.9,5.6,32:32,8.5,536,399
Renata Glasc S12 Summer,975,1209,55%,533,442,55%,4.0,5.6,32:06,0.8,169,242
Gnar S12 Summer,1389,734,54%,696,693,50%,2.8,6.3,32:17,8.3,516,399
Taliyah S12 Summer,737,1371,53%,404,333,55%,4.1,4.2,32:27,8.5,611,408
Lucian S12 Summer,583,1510,53%,310,273,53%,3.7,4.0,32:44,9.0,614,435
Sylas S12 Summer,847,1154,51%,474,373,56%,3.5,5.2,31:49,8.2,495,398
Yuumi S12 Summer,618,1354,50%,316,302,51%,6.2,4.8,31:52,0.2,259,232
Viego S12 Summer,1346,594,49%,640,706,48%,3.2,6.1,32:18,5.6,288,342
Nautilus S12 Summer,1192,648,47%,593,599,50%,2.5,7.4,31:56,1.1,139,231
Gangplank S12 Summer,667,994,42%,352,315,53%,3.3,5.6,32:42,8.6,669,450
Poppy S12 Summer,619,1028,42%,335,284,54%,3.4,4.6,32:55,5.0,251,310
Trundle S12 Summer,792,727,39%,371,421,47%,3.4,6.0,32:21,4.7,258,314
Senna S12 Summer,511,936,37%,264,247,52%,4.4,3.9,32:13,1.7,448,308
Aphelios S12 Summer,1066,373,36%,550,516,52%,3.6,5.4,31:54,9.2,573,433
Ornn S12 Summer,802,608,36%,412,390,51%,3.3,7.2,32:12,7.0,382,338
Seraphine S12 Summer,386,962,34%,202,184,52%,4.4,4.1,31:49,7.7,403,363
Sejuani S12 Summer,821,429,32%,388,433,47%,3.1,7.0,32:10,6.6,388,341
Corki S12 Summer,502,651,29%,251,251,50%,3.9,5.0,32:40,9.4,793,447
Sivir S12 Summer,712,411,28%,392,320,55%,4.7,5.2,32:31,10.1,687,460
Lulu S12 Summer,651,438,28%,288,363,44%,4.3,6.8,32:50,0.6,124,229
Ezreal S12 Summer,673,311,25%,299,374,44%,3.5,6.2,32:38,9.1,713,425
Rakan S12 Summer,657,325,25%,344,313,52%,3.8,8.0,32:11,1.2,146,238
Draven S12 Summer,292,670,24%,149,143,51%,3.5,4.0,31:44,8.7,536,477
Tahm Kench S12 Summer,618,314,24%,307,311,50%,2.9,7.1,32:20,3.2,190,267
Lee Sin S12 Summer,556,363,23%,275,281,49%,3.3,5.7,32:08,5.5,284,336
Lissandra S12 Summer,444,424,22%,223,221,50%,3.1,7.2,32:23,8.3,457,379
Fiora S12 Summer,271,592,22%,138,133,51%,2.6,5.6,31:44,8.4,498,408
Akali S12 Summer,387,433,21%,202,185,52%,3.4,6.2,32:10,7.9,547,393
LeBlanc S12 Summer,265,535,20%,126,139,48%,4.2,6.6,32:29,8.0,591,389
Swain S12 Summer,398,376,20%,209,189,53%,3.7,6.2,31:39,7.7,546,370
Viktor S12 Summer,470,287,19%,208,262,44%,3.1,7.3,32:29,8.8,702,407
Karma S12 Summer,329,427,19%,144,185,44%,3.3,5.3,32:55,2.2,280,259
Vi S12 Summer,401,345,19%,188,213,47%,2.5,6.1,32:06,5.2,269,326
Camille S12 Summer,352,381,19%,170,182,48%,2.5,7.6,32:01,7.6,468,390
Volibear S12 Summer,393,329,18%,181,212,46%,3.1,5.5,31:31,5.0,284,315
Aatrox S12 Summer,420,300,18%,223,197,53%,2.7,6.8,31:47,8.1,490,390
Jinx S12 Summer,569,146,18%,250,319,44%,3.7,7.2,31:52,9.6,576,439
Xin Zhao S12 Summer,439,183,16%,202,237,46%,2.5,7.8,32:08,5.4,334,328
Renekton S12 Summer,305,297,15%,134,171,44%,2.2,6.3,32:44,8.3,444,389
Yone S12 Summer,279,300,15%,136,143,49%,2.8,6.5,31:57,8.8,511,416
Braum S12 Summer,374,198,15%,170,204,45%,3.2,8.3,31:55,1.1,157,231
Nami S12 Summer,534,29,14%,285,249,53%,4.8,6.8,32:50,0.5,199,251
Leona S12 Summer,423,139,14%,213,210,50%,2.6,8.6,32:11,1.2,110,232
Jax S12 Summer,250,275,13%,132,118,53%,2.4,7.2,31:40,8.1,417,400
Twitch S12 Summer,280,234,13%,134,146,48%,3.4,5.6,32:27,8.3,588,409
Kayle S12 Summer,184,291,12%,90,94,49%,2.9,7.0,32:57,9.4,513,434
Amumu S12 Summer,303,168,12%,150,153,50%,2.4,7.2,31:42,1.1,178,235
Lillia S12 Summer,172,293,12%,72,100,42%,3.0,4.0,31:19,7.0,515,366
Olaf S12 Summer,195,254,11%,98,97,50%,2.5,6.1,32:33,7.7,486,393
Gragas S12 Summer,288,104,10%,143,145,50%,2.8,7.3,32:05,6.9,456,351
Jarvan IV S12 Summer,180,199,10%,81,99,45%,3.1,7.3,32:21,4.9,257,318
Alistar S12 Summer,239,139,10%,118,121,49%,2.8,8.3,31:57,1.0,130,231
Galio S12 Summer,161,180,9%,75,86,47%,3.7,7.1,31:11,7.2,402,352
Kaisa S12 Summer,224,111,8%,110,114,49%,4.3,7.7,32:10,9.3,494,452
Xayah S12 Summer,219,110,8%,95,124,43%,3.6,7.3,32:52,9.4,555,431
Zoe S12 Summer,150,165,8%,66,84,44%,3.5,6.1,32:53,7.8,581,371
Pyke S12 Summer,132,170,8%,71,61,54%,2.4,6.2,32:15,1.5,200,273
Graves S12 Summer,167,133,8%,79,88,47%,3.3,4.8,32:02,7.5,485,401
Orianna S12 Summer,202,94,8%,94,108,47%,4.2,8.1,33:15,9.0,543,404
Belveth S12 Summer,105,186,7%,55,50,52%,3.4,4.2,30:22,6.5,344,382
Veigar S12 Summer,132,157,7%,55,77,42%,3.0,6.8,32:26,8.5,464,397
Diana S12 Summer,106,160,7%,49,57,46%,2.9,4.8,30:03,6.8,467,379
Irelia S12 Summer,111,153,7%,59,52,53%,2.1,6.6,31:22,9.0,503,422
Tristana S12 Summer,171,89,7%,79,92,46%,3.1,7.2,31:07,9.2,500,446
Yasuo S12 Summer,132,122,6%,59,73,45%,2.5,5.6,31:28,8.5,358,401
Kennen S12 Summer,132,113,6%,60,72,45%,2.2,8.0,31:36,7.8,585,389
Ryze S12 Summer,140,102,6%,66,74,47%,3.0,7.3,31:52,9.0,514,409
Twisted Fate S12 Summer,72,161,6%,40,32,56%,4.1,6.0,31:26,7.9,402,405
Ashe S12 Summer,156,63,6%,76,80,49%,3.9,7.5,32:05,5.2,447,332
Miss Fortune S12 Summer,140,72,5%,68,72,49%,3.7,7.0,32:53,8.6,671,412
Nocturne S12 Summer,106,104,5%,56,50,53%,3.1,6.0,31:58,5.9,307,342
Jayce S12 Summer,106,98,5%,59,47,56%,2.8,7.5,31:54,8.8,713,427
Sion S12 Summer,151,53,5%,70,81,46%,2.7,7.9,32:48,7.4,378,350
Samira S12 Summer,65,120,5%,38,27,58%,3.8,5.5,30:57,8.7,472,451
Darius S12 Summer,63,118,5%,39,24,62%,3.0,5.5,32:42,8.1,444,418
Udyr S12 Summer,86,86,4%,30,56,35%,2.3,5.4,32:10,6.1,231,333
Rell S12 Summer,107,65,4%,59,48,55%,2.5,6.6,32:28,1.1,140,231
Shyvana S12 Summer,122,49,4%,57,65,47%,3.1,7.2,32:14,8.2,581,387
Vex S12 Summer,98,66,4%,41,57,42%,2.8,7.7,32:26,7.8,579,380
Karthus S12 Summer,53,102,4%,26,27,49%,2.5,2.9,32:29,7.5,845,413
KogMaw S12 Summer,89,63,4%,37,52,42%,3.2,6.4,33:48,9.2,691,419
Caitlyn S12 Summer,38,108,4%,20,18,53%,4.5,4.3,32:53,9.5,540,431
Sett S12 Summer,95,46,4%,46,49,48%,1.9,8.3,31:33,5.1,368,323
Kindred S12 Summer,63,76,4%,30,33,48%,2.7,5.8,33:06,6.6,421,372
Zilean S12 Summer,88,46,3%,38,50,43%,4.4,7.2,33:03,3.5,238,273
Vladimir S12 Summer,67,50,3%,33,34,49%,3.6,8.1,32:28,8.3,594,397
Hecarim S12 Summer,66,44,3%,34,32,52%,3.0,5.8,31:47,5.9,326,345
Syndra S12 Summer,56,52,3%,17,39,30%,2.2,7.4,32:01,8.2,556,370
Tryndamere S12 Summer,53,53,3%,23,30,43%,2.8,7.6,31:57,8.8,437,426
Maokai S12 Summer,51,53,3%,24,27,47%,2.8,4.3,31:10,5.0,412,306
Nidalee S12 Summer,34,70,3%,14,20,41%,3.7,3.1,30:01,6.7,517,396
Thresh S12 Summer,74,30,3%,34,40,46%,3.1,8.5,32:44,1.1,125,231
Pantheon S12 Summer,43,56,3%,21,22,49%,2.8,4.5,30:32,5.5,384,355
Varus S12 Summer,73,24,2%,36,37,49%,3.4,6.7,31:57,8.8,551,422
Rumble S12 Summer,48,48,2%,24,24,50%,3.9,6.2,33:01,6.7,639,384
Bard S12 Summer,69,24,2%,32,37,46%,3.7,7.8,32:53,0.9,223,243
Cassiopeia S12 Summer,53,39,2%,30,23,57%,3.2,6.8,31:59,8.7,574,415
Soraka S12 Summer,65,27,2%,25,40,38%,3.7,8.1,31:57,2.0,168,246
Mordekaiser S12 Summer,50,33,2%,24,26,48%,2.3,8.1,30:39,7.9,519,387
Nilah S12 Summer,42,36,2%,17,25,40%,3.0,5.4,33:24,9.2,398,430
Skarner S12 Summer,48,29,2%,25,23,52%,3.4,7.8,34:07,4.8,171,304
Riven S12 Summer,28,44,2%,12,16,43%,2.4,6.5,31:28,8.3,370,393
Jhin S12 Summer,56,12,2%,27,29,48%,5.7,8.4,32:24,8.6,442,406
RekSai S12 Summer,26,41,2%,17,9,65%,3.8,4.1,31:13,5.9,335,373
Blitzcrank S12 Summer,42,24,2%,26,16,62%,3.0,8.1,30:48,1.0,176,241
Rengar S12 Summer,21,39,2%,10,11,48%,2.6,3.4,31:21,6.1,427,369
Zac S12 Summer,35,25,2%,18,17,51%,3.1,4.7,32:43,5.9,352,329
Ziggs S12 Summer,38,20,1%,17,21,45%,3.8,6.3,31:17,8.7,750,421
Taric S12 Summer,33,22,1%,13,20,39%,3.0,8.1,31:25,1.3,131,240
Akshan S12 Summer,21,32,1%,9,12,43%,2.2,7.0,30:38,8.0,472,401
Kayn S12 Summer,24,25,1%,9,15,38%,2.0,3.6,31:39,6.6,411,367
Morgana S12 Summer,35,13,1%,14,21,40%,2.9,7.8,33:12,3.5,339,284
VelKoz S12 Summer,21,27,1%,9,12,43%,4.8,5.1,33:52,8.4,771,406
KhaZix S12 Summer,29,18,1%,15,14,52%,3.4,5.4,30:54,5.9,407,359
Xerath S12 Summer,23,24,1%,8,15,35%,3.9,8.1,32:53,8.5,810,413
Kassadin S12 Summer,17,28,1%,6,11,35%,2.2,5.3,29:54,8.7,488,399
Malphite S12 Summer,27,17,1%,11,16,41%,2.7,9.4,31:11,7.0,412,335
Anivia S12 Summer,14,23,1%,5,9,36%,2.6,7.2,30:48,8.3,494,375
Urgot S12 Summer,17,20,1%,9,8,53%,2.8,4.9,32:35,8.4,417,405
Vayne S12 Summer,29,7,1%,13,16,45%,3.1,8.4,29:31,8.4,518,424
Heimerdinger S12 Summer,19,15,1%,5,14,26%,1.7,4.3,32:46,4.8,513,315
Shen S12 Summer,15,17,1%,6,9,40%,3.7,3.8,31:56,5.7,308,322
Sona S12 Summer,28,4,1%,13,15,46%,3.4,8.5,33:54,0.5,178,230
Janna S12 Summer,23,8,1%,13,10,57%,4.7,6.8,32:21,0.6,114,235
Nasus S12 Summer,19,11,1%,8,11,42%,2.2,6.5,30:21,7.1,465,377
Ivern S12 Summer,10,19,1%,5,5,50%,5.1,2.2,29:44,5.0,182,291
Dr. Mundo S12 Summer,15,13,1%,4,11,27%,2.3,6.0,30:57,7.8,538,364
Lux S12 Summer,17,10,1%,10,7,59%,3.9,8.2,32:39,2.3,399,276
Ekko S12 Summer,14,12,1%,2,12,14%,1.9,6.4,31:55,8.7,503,421
Fiddlesticks S12 Summer,11,14,1%,3,8,27%,1.7,4.9,32:36,5.4,360,315
Chogath S12 Summer,21,3,1%,11,10,52%,2.7,8.0,32:21,7.0,349,352
Zed S12 Summer,13,9,1%,5,8,38%,2.1,5.3,31:59,6.9,392,379
Qiyana S12 Summer,19,3,1%,9,10,47%,3.2,9.0,31:17,6.4,446,384
Annie S12 Summer,5,16,1%,4,1,80%,4.8,4.4,29:36,7.5,658,404
Shaco S12 Summer,5,16,1%,3,2,60%,3.0,4.6,33:54,5.8,419,348
Singed S12 Summer,11,7,0%,5,6,45%,2.1,5.1,29:56,4.6,260,294
Kled S12 Summer,9,8,0%,4,5,44%,3.0,8.4,34:25,7.4,417,374
Aurelion Sol S12 Summer,2,12,0%,2,0,100%,7.0,2.2,30:18,7.6,513,401
Elise S12 Summer,6,6,0%,4,2,67%,5.9,7.5,34:59,5.3,400,334
Neeko S12 Summer,7,3,0%,1,6,14%,1.6,8.7,31:05,4.9,439,314
Talon S12 Summer,6,3,0%,2,4,33%,2.0,8.0,30:31,6.2,428,389
Garen S12 Summer,4,4,0%,1,3,25%,1.6,9.3,29:52,8.3,353,408
Katarina S12 Summer,3,5,0%,1,2,33%,3.4,7.6,34:45,6.9,430,373
Brand S12 Summer,3,4,0%,1,2,33%,2.3,6.5,30:46,9.2,723,385
Rammus S12 Summer,2,3,0%,1,1,50%,6.7,5.3,32:19,5.1,278,329
Teemo S12 Summer,4,1,0%,0,4,0%,1.2,6.0,28:55,7.7,593,383
Yorick S12 Summer,3,1,0%,0,3,0%,0.2,9.0,27:05,7.4,461,316
Evelynn S12 Summer,2,1,0%,0,2,0%,0.6,5.0,29:36,4.8,360,293
Nunu S12 Summer,2,1,0%,0,2,0%,1.0,5.0,25:21,4.4,408,324
Quinn S12 Summer,2,0,0%,0,2,0%,1.0,-,28:52,7.7,488,360
Master Yi S12 Summer,1,0,0%,1,0,100%,2.2,-,32:30,4.4,867,434
Warwick S12 Summer,0,1,0%,,,,,8.0,,,,
Zyra S12 Summer,1,0,0%,1,0,100%,6.5,-,26:25,0.8,401,322
Illaoi S12 Summer,1,0,0%,0,1,0%,0.4,-,25:43,7.5,398,305
Fizz S12 Summer,0,0,0%,,,,,-,,,,
Malzahar S12 Summer,0,0,0%,,,,,-,,,,
KSante S12 Summer,0,0,0%,,,,,-,,,,
Milio S12 Summer,0,0,0%,,,,,-,,,,
Naafiri S12 Summer,0,0,0%,,,,,-,,,,
Briar S12 Summer,0,0,0%,,,,,-,,,,
Hwei S12 Summer,0,0,0%,,,,,-,,,,
Smolder S12 Summer,0,0,0%,,,,,-,,,,
Sejuani S13 Spring,1419,1450,71%,694,725,49%,3.7,3.9,32:22,5.1,293,319
Maokai S13 Spring,950,1597,63%,567,383,60%,3.4,4.0,32:09,5.0,517,332
Varus S13 Spring,1241,1300,63%,610,631,49%,3.5,4.2,32:29,8.5,612,414
Ashe S13 Spring,568,1887,61%,299,269,53%,3.7,3.8,32:21,2.3,382,280
Vi S13 Spring,1285,1127,60%,693,592,54%,2.8,4.8,31:53,5.2,256,330
Wukong S13 Spring,1520,766,57%,694,826,46%,3.0,5.6,32:15,5.3,332,337
Elise S13 Spring,456,1669,53%,249,207,55%,3.1,3.7,31:26,5.1,426,344
Zeri S13 Spring,1347,720,51%,654,693,49%,4.3,4.4,32:05,9.8,608,448
Caitlyn S13 Spring,447,1592,51%,238,209,53%,3.7,3.6,32:23,8.2,544,415
Jax S13 Spring,800,1232,50%,413,387,52%,2.4,6.0,32:11,8.0,462,394
Jayce S13 Spring,795,1227,50%,405,390,51%,2.9,5.3,31:52,8.7,703,418
KSante S13 Spring,1311,623,48%,626,685,48%,2.9,6.5,32:10,7.6,386,365
Annie S13 Spring,619,1161,44%,335,284,54%,3.7,3.9,31:50,4.5,433,323
Nautilus S13 Spring,1051,637,42%,533,518,51%,2.5,7.3,31:12,1.3,152,239
Lucian S13 Spring,759,922,42%,373,386,49%,3.5,3.8,31:46,9.0,672,438
Gragas S13 Spring,913,758,42%,447,466,49%,3.1,4.7,31:51,6.9,491,355
Xayah S13 Spring,1029,628,41%,595,434,58%,4.5,5.0,32:05,9.7,635,454
Rakan S13 Spring,981,542,38%,559,422,57%,4.2,5.1,32:06,1.3,154,249
Renekton S13 Spring,728,733,36%,357,371,49%,2.2,7.3,32:19,8.2,434,387
Sylas S13 Spring,622,766,34%,304,318,49%,3.1,7.4,31:29,7.9,502,391
Sion S13 Spring,775,564,33%,401,374,52%,3.0,7.2,31:54,7.3,448,352
Ryze S13 Spring,494,841,33%,255,239,52%,3.4,4.9,32:01,9.1,544,409
Gnar S13 Spring,853,470,33%,443,410,52%,2.7,7.7,32:11,8.3,519,397
Fiora S13 Spring,417,904,33%,216,201,52%,2.4,6.0,31:35,8.5,532,410
Azir S13 Spring,696,580,32%,330,366,47%,3.0,7.0,32:34,8.7,650,397
Karma S13 Spring,593,665,31%,253,340,43%,3.4,5.0,32:10,1.3,256,249
Syndra S13 Spring,555,611,29%,270,285,49%,3.2,7.2,32:01,8.5,605,403
Lulu S13 Spring,801,343,28%,349,452,44%,4.3,7.2,32:03,0.7,120,232
Lee Sin S13 Spring,653,459,28%,323,330,49%,3.2,4.9,31:42,5.6,312,344
Akali S13 Spring,497,556,26%,231,266,46%,3.1,7.6,32:01,7.9,527,382
Heimerdinger S13 Spring,408,609,25%,198,210,49%,2.8,4.5,32:46,0.9,361,253
Nami S13 Spring,759,244,25%,369,390,49%,4.7,3.9,31:46,0.5,170,238
Olaf S13 Spring,286,647,23%,157,129,55%,2.9,6.2,30:46,8.5,546,419
Aphelios S13 Spring,708,177,22%,339,369,48%,3.4,5.4,31:39,9.2,609,435
Ahri S13 Spring,492,375,22%,242,250,49%,4.7,7.9,31:45,8.4,560,398
Kassadin S13 Spring,182,646,21%,89,93,49%,4.4,7.1,31:26,8.8,588,413
Draven S13 Spring,253,565,20%,126,127,50%,3.6,3.8,31:16,8.7,521,472
Taliyah S13 Spring,436,355,20%,224,212,51%,3.7,7.3,32:44,8.4,620,396
Viktor S13 Spring,506,212,18%,232,274,46%,3.2,8.0,32:17,8.6,719,394
LeBlanc S13 Spring,236,479,18%,111,125,47%,3.9,6.9,32:14,8.1,625,391
Tristana S13 Spring,292,388,17%,157,135,54%,3.2,6.0,30:54,9.0,560,441
Gwen S13 Spring,324,353,17%,157,167,48%,2.5,8.1,32:01,8.5,619,405
Yuumi S13 Spring,256,397,16%,119,137,46%,6.3,3.9,31:44,0.2,253,231
Thresh S13 Spring,394,237,16%,200,194,51%,3.3,6.6,31:36,1.1,145,239
Viego S13 Spring,406,168,14%,192,214,47%,3.3,6.4,31:42,5.7,319,353
Kennen S13 Spring,251,322,14%,145,106,58%,2.6,6.6,31:55,7.9,616,395
Sivir S13 Spring,414,148,14%,203,211,49%,4.0,7.7,32:08,9.7,644,433
Yone S13 Spring,267,291,14%,134,133,50%,2.9,7.1,32:11,9.1,523,418
Jinx S13 Spring,425,120,14%,212,213,50%,4.1,5.2,30:57,9.7,640,455
Renata Glasc S13 Spring,279,243,13%,151,128,54%,4.1,8.2,32:24,1.0,165,246
Veigar S13 Spring,227,292,13%,108,119,48%,3.8,6.3,31:47,8.6,538,401
Ezreal S13 Spring,354,129,12%,164,190,46%,3.6,7.7,31:55,9.0,722,419
Leona S13 Spring,354,113,12%,172,182,49%,2.6,8.6,32:28,1.2,114,236
Malphite S13 Spring,194,262,11%,95,99,49%,3.1,8.0,31:39,7.1,449,351
Kalista S13 Spring,174,274,11%,93,81,53%,3.9,5.3,32:07,8.1,435,430
Gangplank S13 Spring,172,264,11%,89,83,52%,3.0,6.5,32:47,8.6,714,464
Jarvan IV S13 Spring,262,159,10%,109,153,42%,2.9,6.7,31:17,4.9,285,322
Irelia S13 Spring,157,234,10%,82,75,52%,2.1,7.2,31:49,9.0,488,426
Lissandra S13 Spring,208,182,10%,108,100,52%,3.4,8.0,32:01,8.1,453,375
Cassiopeia S13 Spring,196,179,9%,100,96,51%,3.4,7.2,31:08,8.6,542,401
Ornn S13 Spring,261,114,9%,123,138,47%,3.4,8.1,31:12,7.0,410,336
Camille S13 Spring,216,156,9%,98,118,45%,2.4,8.3,32:13,7.8,477,393
Jhin S13 Spring,294,69,9%,135,159,46%,5.2,7.8,32:55,7.6,503,389
Orianna S13 Spring,226,131,9%,112,114,50%,4.4,8.3,32:31,8.5,566,393
Braum S13 Spring,210,130,8%,110,100,52%,3.4,8.6,31:14,1.1,166,239
Blitzcrank S13 Spring,146,157,8%,99,47,68%,3.5,7.7,31:12,1.1,188,251
Lux S13 Spring,221,74,7%,127,94,57%,3.3,6.1,33:21,1.4,372,267
Kindred S13 Spring,86,195,7%,50,36,58%,3.6,4.1,31:54,6.7,498,393
Kaisa S13 Spring,206,58,7%,98,108,48%,3.8,7.8,31:32,9.2,556,445
Galio S13 Spring,131,124,6%,66,65,50%,4.1,7.2,31:45,7.2,395,352
Aurelion Sol S13 Spring,103,138,6%,50,53,49%,4.7,5.9,31:52,9.0,719,430
Darius S13 Spring,68,161,6%,42,26,62%,3.2,5.7,31:08,8.0,435,409
Rumble S13 Spring,92,137,6%,48,44,52%,3.4,5.2,31:39,7.0,647,380
Amumu S13 Spring,131,91,6%,68,63,52%,2.4,7.7,32:19,3.2,281,286
Seraphine S13 Spring,76,136,5%,34,42,45%,3.9,3.8,30:51,7.0,462,358
Chogath S13 Spring,143,63,5%,63,80,44%,2.2,7.2,32:11,7.4,476,361
Xin Zhao S13 Spring,155,48,5%,57,98,37%,2.1,7.0,30:38,5.4,364,334
Poppy S13 Spring,103,99,5%,51,52,50%,2.8,6.5,32:53,5.1,300,315
Graves S13 Spring,113,87,5%,57,56,50%,3.6,5.2,31:50,7.3,468,395
Rell S13 Spring,126,72,5%,67,59,53%,2.7,6.4,31:05,1.2,143,241
Pyke S13 Spring,88,95,5%,45,43,51%,3.0,6.6,31:35,1.6,199,284
Swain S13 Spring,87,76,4%,39,48,45%,3.1,7.5,31:44,7.3,536,357
Ziggs S13 Spring,90,63,4%,41,49,46%,4.2,7.0,33:46,8.7,802,406
Yasuo S13 Spring,67,84,4%,31,36,46%,2.5,7.3,32:01,8.8,380,408
Udyr S13 Spring,60,88,4%,21,39,35%,1.9,4.0,30:54,6.8,463,346
Tahm Kench S13 Spring,116,31,4%,44,72,38%,2.5,8.5,31:35,1.8,177,241
Zac S13 Spring,51,86,3%,26,25,51%,3.5,3.4,31:46,5.3,358,327
Zoe S13 Spring,62,75,3%,33,29,53%,3.9,6.4,31:31,7.2,660,375
Alistar S13 Spring,99,34,3%,47,52,47%,2.8,8.9,31:11,1.1,135,235
Senna S13 Spring,67,63,3%,26,41,39%,3.1,4.4,30:39,1.2,415,286
Nidalee S13 Spring,60,67,3%,26,34,43%,3.4,5.4,31:11,6.1,553,370
Soraka S13 Spring,101,24,3%,41,60,41%,3.8,8.0,31:49,0.6,152,233
Samira S13 Spring,57,66,3%,32,25,56%,3.7,7.2,30:56,8.5,533,453
Aatrox S13 Spring,84,28,3%,43,41,51%,2.3,7.3,32:22,7.9,483,380
Lillia S13 Spring,66,36,3%,29,37,44%,2.9,5.9,31:54,6.5,528,358
Sett S13 Spring,60,22,2%,32,28,53%,2.3,8.6,32:26,6.0,438,346
Kled S13 Spring,47,33,2%,27,20,57%,3.2,7.4,31:17,7.6,521,408
Miss Fortune S13 Spring,58,19,2%,28,30,48%,3.5,7.3,31:46,6.9,614,382
Garen S13 Spring,34,42,2%,17,17,50%,2.4,5.2,30:46,8.5,443,412
Karthus S13 Spring,26,43,2%,8,18,31%,2.1,3.3,30:38,7.6,842,390
Belveth S13 Spring,38,21,1%,18,20,47%,3.0,6.6,29:49,5.2,288,350
Trundle S13 Spring,42,12,1%,15,27,36%,2.9,7.1,31:56,4.8,247,316
Zilean S13 Spring,21,33,1%,9,12,43%,6.5,4.2,34:14,4.2,296,288
Nocturne S13 Spring,33,15,1%,14,19,42%,2.2,7.1,29:55,5.9,301,339
Vex S13 Spring,29,15,1%,17,12,59%,4.1,8.7,32:27,7.6,689,404
Sona S13 Spring,35,8,1%,16,19,46%,3.5,8.5,30:40,0.5,195,245
Tryndamere S13 Spring,22,21,1%,16,6,73%,4.6,7.5,32:59,9.1,546,468
Riven S13 Spring,15,27,1%,7,8,47%,2.1,3.0,30:38,8.5,441,404
Illaoi S13 Spring,24,18,1%,10,14,42%,1.5,7.7,31:55,8.0,713,387
Twisted Fate S13 Spring,27,13,1%,17,10,63%,4.8,8.2,32:13,7.9,448,411
Pantheon S13 Spring,27,10,1%,14,13,52%,2.4,8.7,30:36,5.9,464,350
Corki S13 Spring,28,7,1%,11,17,39%,3.2,7.3,32:48,9.2,802,443
Twitch S13 Spring,22,11,1%,4,18,18%,2.2,7.7,31:53,6.2,636,365
Nilah S13 Spring,13,18,1%,9,4,69%,6.2,7.0,30:59,9.1,310,425
Taric S13 Spring,18,12,1%,7,11,39%,2.2,5.2,32:47,1.2,116,235
RekSai S13 Spring,12,18,1%,6,6,50%,2.1,4.3,32:48,5.9,411,374
Mordekaiser S13 Spring,25,4,1%,14,11,56%,2.6,6.5,31:52,7.9,561,381
Nunu S13 Spring,11,16,1%,10,1,91%,7.3,3.3,31:17,5.1,268,347
KhaZix S13 Spring,19,7,1%,14,5,74%,4.0,7.3,30:22,6.4,452,394
Vladimir S13 Spring,14,10,1%,8,6,57%,3.2,8.5,30:16,8.1,605,396
Morgana S13 Spring,15,8,1%,6,9,40%,3.6,8.3,31:16,1.8,281,262
VelKoz S13 Spring,12,10,1%,4,8,33%,3.2,5.7,32:43,7.8,773,381
Xerath S13 Spring,12,8,0%,5,7,42%,5.8,8.5,32:10,7.2,743,375
Diana S13 Spring,12,7,0%,6,6,50%,3.1,6.3,31:15,6.8,447,364
KogMaw S13 Spring,14,4,0%,6,8,43%,2.3,7.0,31:46,8.4,788,395
Zyra S13 Spring,10,7,0%,5,5,50%,2.1,6.6,33:33,1.3,547,276
Rengar S13 Spring,11,5,0%,6,5,55%,2.5,4.8,31:17,5.8,384,373
Urgot S13 Spring,11,5,0%,7,4,64%,3.6,8.8,33:12,8.5,517,426
Bard S13 Spring,7,9,0%,4,3,57%,6.8,3.6,33:45,1.1,208,249
Hecarim S13 Spring,11,4,0%,4,7,36%,2.4,7.0,31:16,6.7,448,382
Kayn S13 Spring,6,9,0%,2,4,33%,3.5,6.8,33:55,6.1,495,364
Akshan S13 Spring,8,7,0%,3,5,38%,2.4,8.9,33:49,8.0,486,409
Janna S13 Spring,10,3,0%,4,6,40%,2.5,7.3,31:52,0.8,125,232
Vayne S13 Spring,11,1,0%,2,9,18%,2.0,3.0,28:52,8.3,328,373
Zed S13 Spring,10,2,0%,4,6,40%,2.1,8.5,31:54,8.2,525,391
Nasus S13 Spring,11,0,0%,5,6,45%,3.4,-,29:16,7.5,545,389
Volibear S13 Spring,6,5,0%,3,3,50%,2.4,8.8,29:51,4.8,243,319
Dr. Mundo S13 Spring,6,4,0%,4,2,67%,2.6,3.0,27:32,7.8,504,374
Singed S13 Spring,7,3,0%,4,3,57%,3.6,8.3,32:15,5.1,351,338
Ekko S13 Spring,6,4,0%,3,3,50%,3.8,6.0,35:23,9.4,600,432
Ivern S13 Spring,6,3,0%,1,5,17%,1.4,8.7,32:26,4.9,199,277
Shyvana S13 Spring,6,2,0%,2,4,33%,2.6,9.0,33:45,7.8,832,373
Malzahar S13 Spring,7,0,0%,2,5,29%,2.3,-,29:15,8.7,548,389
Shen S13 Spring,5,2,0%,3,2,60%,3.6,6.0,31:30,4.3,353,300
Warwick S13 Spring,3,4,0%,3,0,100%,3.5,6.5,31:39,7.8,615,377
Anivia S13 Spring,2,4,0%,1,1,50%,4.2,4.3,32:23,8.3,611,411
Skarner S13 Spring,4,2,0%,2,2,50%,3.5,7.5,31:51,5.0,159,320
Brand S13 Spring,4,0,0%,3,1,75%,2.8,-,29:35,7.0,810,376
Fiddlesticks S13 Spring,3,1,0%,0,3,0%,1.7,10.0,32:31,4.1,308,300
Kayle S13 Spring,3,1,0%,2,1,67%,6.5,10.0,30:11,10.3,626,478
Fizz S13 Spring,2,1,0%,1,1,50%,3.8,5.0,31:51,7.8,484,412
Master Yi S13 Spring,3,0,0%,0,3,0%,1.2,-,32:26,6.1,480,345
Quinn S13 Spring,1,2,0%,1,0,100%,4.0,7.0,32:21,9.7,938,480
Yorick S13 Spring,2,1,0%,1,1,50%,2.0,10.0,24:39,8.5,563,438
Evelynn S13 Spring,1,0,0%,1,0,100%,2.3,-,33:01,6.3,264,339
Katarina S13 Spring,1,0,0%,0,1,0%,0.7,-,28:26,6.7,253,302
Talon S13 Spring,1,0,0%,0,1,0%,1.8,-,32:09,9.0,545,421
Qiyana S13 Spring,1,0,0%,0,1,0%,1.7,-,27:22,5.2,359,324
Rammus S13 Spring,0,0,0%,,,,,-,,,,
Shaco S13 Spring,0,0,0%,,,,,-,,,,
Teemo S13 Spring,0,0,0%,,,,,-,,,,
Neeko S13 Spring,0,0,0%,,,,,-,,,,
Milio S13 Spring,0,0,0%,,,,,-,,,,
Naafiri S13 Spring,0,0,0%,,,,,-,,,,
Briar S13 Spring,0,0,0%,,,,,-,,,,
Hwei S13 Spring,0,0,0%,,,,,-,,,,
Smolder S13 Spring,0,0,0%,,,,,-,,,,
Maokai S13 Summer,1266,1657,74%,706,560,56%,3.6,4.2,31:13,4.9,434,329
Xayah S13 Summer,1512,1044,65%,800,712,53%,4.1,5.5,31:24,9.8,617,452
Neeko S13 Summer,614,1903,64%,331,283,54%,3.4,3.7,30:58,7.6,541,376
LeBlanc S13 Summer,590,1917,64%,299,291,51%,4.4,4.1,31:13,9.5,705,442
Sejuani S13 Summer,1331,1158,63%,648,683,49%,3.8,4.8,31:11,5.2,292,327
Rakan S13 Summer,1388,1058,62%,754,634,54%,3.9,6.5,31:13,1.3,149,246
Rell S13 Summer,1375,1005,61%,732,643,53%,3.3,5.2,31:19,1.9,155,257
Kaisa S13 Summer,1473,899,60%,756,717,51%,4.4,5.0,31:11,9.6,704,459
Tristana S13 Summer,788,1504,58%,431,357,55%,3.5,4.0,30:26,9.5,610,459
Renekton S13 Summer,1377,899,58%,669,708,49%,2.4,5.9,31:12,8.4,467,397
Nautilus S13 Summer,1430,773,56%,690,740,48%,2.5,8.1,30:54,1.3,162,241
Vi S13 Summer,667,1516,56%,330,337,49%,2.7,4.2,30:30,5.5,269,342
KSante S13 Summer,1423,755,55%,666,757,47%,2.9,5.5,31:08,7.7,387,368
Poppy S13 Summer,775,1289,53%,408,367,53%,3.4,4.8,31:37,5.6,335,331
Jayce S13 Summer,930,1039,50%,484,446,52%,3.4,4.5,31:05,8.7,709,430
Aphelios S13 Summer,1468,456,49%,719,749,49%,3.4,6.4,30:54,9.5,636,447
Milio S13 Summer,504,1355,47%,283,221,56%,6.1,4.6,30:47,0.9,70,241
Azir S13 Summer,1077,758,47%,527,550,49%,3.4,5.1,31:36,9.0,658,419
Jax S13 Summer,837,942,45%,443,394,53%,2.5,6.4,31:05,8.2,485,403
Ahri S13 Summer,1001,564,40%,490,511,49%,4.7,7.0,31:10,8.4,568,397
Zeri S13 Summer,682,764,37%,330,352,48%,4.4,4.6,31:31,10.2,668,469
Rumble S13 Summer,430,879,33%,237,193,55%,3.6,4.3,31:33,7.5,701,391
Annie S13 Summer,636,659,33%,313,323,49%,3.3,5.3,31:07,7.4,555,373
Alistar S13 Summer,753,539,33%,369,384,49%,2.8,7.9,31:15,1.0,140,236
Wukong S13 Summer,658,507,30%,307,351,47%,3.0,7.2,30:54,5.5,328,350
Viego S13 Summer,678,462,29%,324,354,48%,3.6,6.8,31:02,6.0,329,368
Ivern S13 Summer,325,787,28%,172,153,53%,5.5,3.9,31:00,4.9,211,324
Gragas S13 Summer,608,341,24%,293,315,48%,2.8,6.0,31:01,6.9,472,351
Varus S13 Summer,447,498,24%,206,241,46%,3.3,7.1,30:53,9.0,615,426
Lucian S13 Summer,319,605,24%,171,148,54%,3.5,4.2,30:58,9.0,680,445
Yuumi S13 Summer,306,564,22%,138,168,45%,6.3,4.1,30:34,0.2,256,231
Braum S13 Summer,483,381,22%,230,253,48%,3.3,8.2,31:00,1.1,153,236
Syndra S13 Summer,413,430,21%,180,233,44%,2.7,7.0,31:54,8.4,624,402
Nocturne S13 Summer,335,465,20%,154,181,46%,3.3,6.5,31:25,6.0,335,358
Ornn S13 Summer,540,250,20%,278,262,51%,3.5,7.6,30:44,6.9,420,340
Gwen S13 Summer,269,497,20%,122,147,45%,2.3,7.9,31:10,8.6,585,410
Gnar S13 Summer,459,292,19%,243,216,53%,2.6,8.1,31:23,8.7,558,412
Sion S13 Summer,410,252,17%,196,214,48%,2.8,7.1,31:05,7.1,420,345
Olaf S13 Summer,169,453,16%,81,88,48%,2.5,6.2,31:28,8.2,579,416
Lulu S13 Summer,386,214,15%,177,209,46%,4.4,7.8,31:14,0.6,123,235
Ashe S13 Summer,314,283,15%,164,150,52%,3.9,7.0,31:43,7.8,562,403
Jinx S13 Summer,467,125,15%,237,230,51%,4.0,7.7,30:13,9.6,623,453
Malphite S13 Summer,237,311,14%,111,126,47%,3.2,8.6,30:04,7.3,457,356
Draven S13 Summer,155,388,14%,75,80,48%,3.4,4.9,30:11,8.7,540,478
Blitzcrank S13 Summer,221,307,13%,113,108,51%,2.9,7.2,30:19,1.1,185,243
Aatrox S13 Summer,319,207,13%,145,174,45%,2.5,5.7,30:51,8.1,527,392
Lee Sin S13 Summer,289,228,13%,146,143,51%,3.4,6.4,31:03,5.8,322,355
Kindred S13 Summer,158,356,13%,85,73,54%,3.9,4.8,31:03,6.8,533,401
Leona S13 Summer,366,66,11%,170,196,46%,2.3,8.7,31:34,1.2,122,236
Kennen S13 Summer,200,231,11%,102,98,51%,2.3,7.1,31:14,8.2,628,404
Ezreal S13 Summer,299,126,11%,126,173,42%,3.8,8.0,31:01,9.1,742,423
KhaZix S13 Summer,246,147,10%,119,127,48%,2.8,7.5,30:55,6.6,418,386
Yone S13 Summer,184,201,10%,102,82,55%,3.0,7.4,31:18,9.1,547,431
Jarvan IV S13 Summer,163,203,9%,72,91,44%,3.2,6.8,30:31,5.3,298,344
Sylas S13 Summer,157,206,9%,84,73,54%,3.3,7.6,30:19,7.9,538,415
Ziggs S13 Summer,147,210,9%,69,78,47%,4.1,5.4,31:55,8.8,868,432
Fiora S13 Summer,130,222,9%,70,60,54%,2.5,6.6,30:04,8.9,562,436
Taliyah S13 Summer,186,160,9%,90,96,48%,4.0,5.5,31:33,8.4,637,406
Orianna S13 Summer,164,108,7%,80,84,49%,4.0,6.0,31:41,8.6,571,402
Cassiopeia S13 Summer,117,133,6%,63,54,54%,3.0,7.1,31:23,8.4,511,401
Trundle S13 Summer,172,73,6%,80,92,47%,3.3,7.6,31:36,4.9,281,336
Kalista S13 Summer,91,154,6%,49,42,54%,3.6,5.1,30:11,9.2,524,453
Akali S13 Summer,139,88,6%,62,77,45%,3.1,7.9,30:38,8.1,512,390
Sivir S13 Summer,139,73,5%,68,71,49%,4.5,8.0,31:30,10.0,729,457
Viktor S13 Summer,151,59,5%,66,85,44%,3.1,8.0,30:21,8.5,754,404
Nami S13 Summer,192,4,5%,96,96,50%,4.6,7.3,31:20,0.4,178,239
Renata Glasc S13 Summer,119,74,5%,64,55,54%,4.7,7.5,31:49,1.1,162,249
Lissandra S13 Summer,111,79,5%,58,53,52%,3.2,8.1,30:51,7.6,462,368
Yasuo S13 Summer,63,95,4%,32,31,51%,3.0,6.4,29:32,8.5,409,421
Seraphine S13 Summer,59,99,4%,25,34,42%,3.9,3.7,30:31,8.2,455,382
Karma S13 Summer,75,75,4%,35,40,47%,3.6,5.6,30:20,3.5,435,297
Heimerdinger S13 Summer,65,82,4%,27,38,42%,2.3,7.4,31:12,1.6,438,266
Thresh S13 Summer,103,41,4%,47,56,46%,2.9,8.4,31:36,1.1,152,240
Amumu S13 Summer,85,50,3%,49,36,58%,3.0,5.6,31:18,4.5,313,321
Darius S13 Summer,56,79,3%,26,30,46%,2.2,7.1,30:21,7.7,438,398
KogMaw S13 Summer,91,42,3%,49,42,54%,4.3,7.1,31:57,9.1,738,432
Samira S13 Summer,61,71,3%,27,34,44%,3.0,7.6,29:54,8.7,481,442
RekSai S13 Summer,61,68,3%,33,28,54%,3.0,5.1,31:58,5.7,375,365
Pyke S13 Summer,60,69,3%,35,25,58%,3.1,5.9,31:14,1.5,228,289
Karthus S13 Summer,41,77,3%,15,26,37%,2.5,4.3,31:16,7.7,898,423
Lillia S13 Summer,60,54,3%,27,33,45%,4.0,7.9,31:06,6.8,570,378
Gangplank S13 Summer,55,53,3%,34,21,62%,3.5,5.9,29:24,8.5,777,473
Irelia S13 Summer,48,59,3%,21,27,44%,1.9,7.1,31:11,8.6,455,411
Graves S13 Summer,69,35,3%,28,41,41%,3.1,5.2,30:44,7.5,495,401
Nilah S13 Summer,44,55,3%,23,21,52%,3.9,6.3,30:42,8.8,486,452
Nidalee S13 Summer,35,56,2%,20,15,57%,3.9,3.9,29:55,6.2,562,386
Camille S13 Summer,57,27,2%,32,25,56%,2.8,8.1,30:23,7.8,472,400
Swain S13 Summer,45,37,2%,19,26,42%,3.2,6.3,31:12,6.9,609,362
Xin Zhao S13 Summer,61,18,2%,20,41,33%,1.9,7.9,30:06,5.7,364,340
Xerath S13 Summer,48,28,2%,17,31,35%,3.4,8.3,31:15,8.1,792,384
Senna S13 Summer,36,40,2%,18,18,50%,4.3,4.3,29:07,1.7,497,320
Tahm Kench S13 Summer,48,25,2%,19,29,40%,2.6,8.3,30:38,2.2,177,251
Belveth S13 Summer,44,29,2%,20,24,45%,3.1,5.7,29:34,5.9,287,365
Miss Fortune S13 Summer,44,28,2%,19,25,43%,3.2,6.4,30:54,8.2,579,419
Galio S13 Summer,32,35,2%,16,16,50%,3.4,4.6,31:05,5.6,350,331
Volibear S13 Summer,40,27,2%,17,23,43%,2.5,7.5,29:39,5.6,320,336
Elise S13 Summer,21,40,2%,10,11,48%,3.2,5.3,30:37,5.1,431,350
Kled S13 Summer,33,28,2%,18,15,55%,2.9,6.1,30:04,7.9,538,412
Ryze S13 Summer,46,11,1%,29,17,63%,3.7,6.4,30:26,9.2,620,432
Zac S13 Summer,34,22,1%,13,21,38%,2.5,5.5,30:23,5.0,276,313
Sett S13 Summer,42,10,1%,17,25,40%,1.9,8.4,30:50,4.4,352,312
Chogath S13 Summer,42,6,1%,25,17,60%,4.2,8.5,30:06,7.9,532,390
Rengar S13 Summer,20,28,1%,11,9,55%,4.0,3.8,30:52,6.2,417,394
Jhin S13 Summer,40,8,1%,19,21,48%,4.9,8.3,32:34,8.5,510,407
Garen S13 Summer,23,24,1%,10,13,43%,1.8,6.8,29:37,8.5,433,411
Pantheon S13 Summer,21,26,1%,9,12,43%,2.2,6.8,30:45,6.8,571,372
Caitlyn S13 Summer,15,31,1%,4,11,27%,2.4,3.9,32:56,8.4,632,412
Janna S13 Summer,32,12,1%,11,21,34%,3.4,8.0,30:19,0.7,129,229
Vayne S13 Summer,27,16,1%,15,12,56%,3.9,7.6,33:21,9.2,616,463
Soraka S13 Summer,40,2,1%,16,24,40%,3.5,10.0,31:33,0.4,163,233
Quinn S13 Summer,23,18,1%,14,9,61%,3.1,7.9,33:45,9.3,736,457
Twitch S13 Summer,24,17,1%,7,17,29%,2.4,6.9,31:49,8.3,649,400
Veigar S13 Summer,19,22,1%,9,10,47%,3.4,4.8,30:52,8.3,481,394
Twisted Fate S13 Summer,25,13,1%,12,13,48%,3.4,7.0,31:39,8.1,515,418
Aurelion Sol S13 Summer,21,17,1%,9,12,43%,3.7,7.4,30:10,8.5,645,402
Udyr S13 Summer,12,25,1%,7,5,58%,3.9,4.8,29:28,7.3,613,377
Skarner S13 Summer,21,15,1%,10,11,48%,3.6,6.2,31:14,5.0,180,320
Bard S13 Summer,19,15,1%,12,7,63%,4.4,4.7,30:13,0.9,248,266
Mordekaiser S13 Summer,14,19,1%,7,7,50%,2.9,4.3,29:17,7.8,644,376
Taric S13 Summer,21,11,1%,12,9,57%,4.0,7.5,30:16,1.3,122,256
Akshan S13 Summer,15,15,1%,10,5,67%,3.9,6.0,32:02,8.2,613,420
Corki S13 Summer,24,5,1%,11,13,46%,3.6,8.0,30:54,9.3,719,449
Riven S13 Summer,10,15,1%,4,6,40%,2.0,8.1,33:06,8.3,505,402
Qiyana S13 Summer,21,1,1%,10,11,48%,3.2,7.0,30:43,7.8,527,426
Zed S13 Summer,10,9,0%,5,5,50%,2.9,4.9,31:15,8.7,675,441
Illaoi S13 Summer,11,8,0%,4,7,36%,1.3,7.6,35:39,7.8,655,378
Zoe S13 Summer,10,9,0%,4,6,40%,3.0,7.3,27:44,7.2,625,383
Vex S13 Summer,10,8,0%,5,5,50%,2.8,8.1,29:23,7.6,588,375
Fiddlesticks S13 Summer,9,7,0%,3,6,33%,2.5,6.9,28:18,5.3,498,364
Kayle S13 Summer,12,4,0%,6,6,50%,3.1,9.3,28:01,9.4,594,437
Nunu S13 Summer,7,9,0%,4,3,57%,3.1,5.0,33:57,5.2,284,333
Tryndamere S13 Summer,9,7,0%,5,4,56%,2.4,7.9,28:46,8.8,358,417
Zilean S13 Summer,9,5,0%,6,3,67%,5.4,7.0,33:04,1.5,129,251
Lux S13 Summer,10,3,0%,4,6,40%,3.8,8.0,31:08,3.1,529,308
Sona S13 Summer,12,1,0%,9,3,75%,5.2,6.0,31:08,0.4,232,267
Urgot S13 Summer,8,5,0%,4,4,50%,2.5,7.6,31:23,8.3,507,408
Shaco S13 Summer,6,6,0%,3,3,50%,1.9,3.2,34:27,5.6,344,347
Diana S13 Summer,7,4,0%,0,7,0%,1.3,8.3,28:42,6.7,393,364
Nasus S13 Summer,11,0,0%,3,8,27%,1.1,-,28:53,6.8,414,347
Kayn S13 Summer,8,2,0%,3,5,38%,3.5,9.5,29:46,6.2,467,374
Shyvana S13 Summer,5,2,0%,2,3,40%,2.6,4.5,32:03,8.5,522,422
Vladimir S13 Summer,4,3,0%,3,1,75%,5.1,8.3,27:42,8.2,681,424
Ekko S13 Summer,6,1,0%,2,4,33%,3.2,8.0,28:44,7.5,678,430
Dr. Mundo S13 Summer,6,0,0%,3,3,50%,1.5,-,29:54,7.8,544,378
Talon S13 Summer,2,3,0%,2,0,100%,6.0,8.0,34:02,9.2,653,510
Katarina S13 Summer,4,0,0%,0,4,0%,1.2,-,25:35,6.7,396,330
Zyra S13 Summer,3,1,0%,0,3,0%,1.8,9.0,41:18,0.7,318,240
VelKoz S13 Summer,3,1,0%,1,2,33%,1.4,6.0,32:59,8.4,621,372
Anivia S13 Summer,2,1,0%,1,1,50%,3.8,8.0,29:51,9.2,590,441
Fizz S13 Summer,2,1,0%,1,1,50%,3.7,9.0,27:42,8.6,325,379
Hecarim S13 Summer,3,0,0%,1,2,33%,2.3,-,28:51,5.9,362,359
Morgana S13 Summer,3,0,0%,0,3,0%,1.6,-,26:06,2.6,295,259
Naafiri S13 Summer,1,2,0%,0,1,0%,0.0,6.0,19:42,7.8,312,313
Evelynn S13 Summer,2,0,0%,0,2,0%,1.1,-,26:35,5.2,376,323
Kassadin S13 Summer,2,0,0%,0,2,0%,1.8,-,30:21,8.3,463,384
Master Yi S13 Summer,1,1,0%,0,1,0%,0.5,6.0,18:01,6.8,255,365
Warwick S13 Summer,2,0,0%,0,2,0%,0.5,-,25:46,6.9,385,309
Brand S13 Summer,1,0,0%,1,0,100%,3.2,-,38:05,1.0,908,304
Malzahar S13 Summer,1,0,0%,1,0,100%,5.0,-,36:53,7.9,506,393
Singed S13 Summer,1,0,0%,0,1,0%,0.3,-,31:30,1.1,43,208
Yorick S13 Summer,1,0,0%,0,1,0%,1.0,-,31:06,9.2,797,427
Rammus S13 Summer,0,0,0%,,,,,-,,,,
Shen S13 Summer,0,0,0%,,,,,-,,,,
Teemo S13 Summer,0,0,0%,,,,,-,,,,
Briar S13 Summer,0,0,0%,,,,,-,,,,
Hwei S13 Summer,0,0,0%,,,,,-,,,,
Smolder S13 Summer,0,0,0%,,,,,-,,,,
Varus S14 Spring,1459,1701,84%,747,712,51%,3.9,4.4,32:19,8.7,672,426
Kalista S14 Spring,703,2129,75%,362,341,51%,3.5,3.7,31:28,8.9,497,435
Nautilus S14 Spring,1586,1033,69%,792,794,50%,2.5,6.0,32:27,1.8,180,258
Ashe S14 Spring,463,2086,68%,256,207,55%,3.7,3.9,31:59,4.0,478,330
Vi S14 Spring,955,1457,64%,492,463,52%,2.9,5.6,32:15,5.7,282,339
Orianna S14 Spring,970,1406,63%,469,501,48%,4.2,4.9,32:18,8.6,603,404
KSante S14 Spring,1563,804,63%,828,735,53%,3.3,6.5,32:27,7.8,439,373
Senna S14 Spring,877,1460,62%,471,406,54%,5.1,3.8,31:58,3.7,578,350
Rell S14 Spring,1389,700,55%,699,690,50%,3.2,6.1,32:23,2.8,168,277
Maokai S14 Spring,1088,917,53%,600,488,55%,3.3,4.7,32:09,4.0,314,296
Karma S14 Spring,633,1338,52%,310,323,49%,3.7,4.0,32:17,6.7,616,354
Azir S14 Spring,1216,754,52%,625,591,51%,3.3,5.2,32:15,9.3,674,433
Rumble S14 Spring,595,1361,52%,319,276,54%,3.1,4.3,32:33,7.1,690,383
Xin Zhao S14 Spring,1041,719,47%,487,554,47%,2.8,7.4,32:02,5.9,385,345
Lucian S14 Spring,628,856,39%,331,297,53%,3.5,4.3,32:32,9.1,723,441
Taliyah S14 Spring,843,639,39%,461,382,55%,4.1,5.8,32:52,8.8,676,415
Aatrox S14 Spring,1027,402,38%,494,533,48%,2.5,7.5,32:38,8.3,565,398
Nocturne S14 Spring,328,951,34%,136,192,41%,2.8,5.1,32:25,6.1,333,347
Smolder S14 Spring,614,642,33%,317,297,52%,4.6,4.4,32:48,9.6,864,452
Rakan S14 Spring,802,389,32%,405,397,50%,3.9,7.5,32:42,1.2,158,254
Hwei S14 Spring,681,454,30%,325,356,48%,4.1,5.6,32:47,7.8,741,386
Jax S14 Spring,555,579,30%,295,260,53%,2.7,7.2,32:23,7.7,488,397
Tristana S14 Spring,499,618,30%,260,239,52%,3.4,5.6,31:29,9.5,599,456
Poppy S14 Spring,394,697,29%,208,186,53%,3.3,6.6,32:38,5.5,308,321
Twisted Fate S14 Spring,333,753,29%,203,130,61%,3.5,5.3,31:34,8.4,576,465
Renata Glasc S14 Spring,492,592,29%,250,242,51%,3.9,6.9,31:29,1.1,197,261
Neeko S14 Spring,417,660,29%,215,202,52%,3.0,5.1,32:10,6.8,504,360
Lee Sin S14 Spring,627,446,28%,324,303,52%,3.5,6.6,32:16,5.9,349,352
Sejuani S14 Spring,567,400,26%,263,304,46%,3.8,6.3,32:27,5.3,272,317
Udyr S14 Spring,508,405,24%,212,296,42%,2.3,6.3,31:57,7.5,459,358
Ahri S14 Spring,571,300,23%,283,288,50%,4.9,6.1,31:57,8.6,648,413
Milio S14 Spring,524,342,23%,236,288,45%,5.1,5.8,32:20,1.2,113,250
Viego S14 Spring,553,307,23%,254,299,46%,3.3,7.2,32:11,6.4,339,367
Akali S14 Spring,350,493,22%,166,184,47%,3.2,5.9,31:54,8.2,555,410
Renekton S14 Spring,554,279,22%,296,258,53%,2.7,7.3,32:06,8.4,527,402
Gnar S14 Spring,453,308,20%,235,218,52%,2.8,8.3,32:38,8.7,593,414
Volibear S14 Spring,395,362,20%,184,211,47%,3.1,5.0,31:53,5.6,365,339
Zeri S14 Spring,558,184,20%,255,303,46%,4.1,5.7,32:28,10.1,681,461
Corki S14 Spring,395,288,18%,195,200,49%,3.9,6.1,32:34,9.1,827,444
LeBlanc S14 Spring,184,463,17%,91,93,49%,4.0,5.3,32:13,8.5,656,416
Xayah S14 Spring,430,161,16%,214,216,50%,4.1,7.7,32:42,9.7,610,444
Aphelios S14 Spring,423,144,15%,173,250,41%,2.7,6.3,31:55,9.1,616,420
Draven S14 Spring,152,413,15%,76,76,50%,3.5,3.8,31:53,8.7,573,476
Gwen S14 Spring,241,310,15%,110,131,46%,2.4,8.4,31:41,8.7,637,418
Alistar S14 Spring,355,186,14%,172,183,48%,2.7,8.6,32:12,1.0,143,245
Ezreal S14 Spring,386,150,14%,181,205,47%,3.5,7.4,32:32,8.8,747,419
Yone S14 Spring,282,235,14%,134,148,48%,2.4,7.6,31:32,9.1,581,425
Jayce S14 Spring,262,248,14%,113,149,43%,2.6,7.2,32:00,8.8,736,421
Olaf S14 Spring,174,335,13%,102,72,59%,3.2,7.4,31:42,8.4,594,424
Jinx S14 Spring,323,179,13%,159,164,49%,3.9,5.7,31:39,9.6,703,456
Kaisa S14 Spring,344,146,13%,164,180,48%,4.0,8.1,32:17,9.0,678,446
Jarvan IV S14 Spring,219,251,12%,112,107,51%,3.5,8.1,31:50,5.3,283,336
Tahm Kench S14 Spring,334,102,12%,154,180,46%,2.9,8.0,31:39,4.1,216,292
Braum S14 Spring,224,211,12%,118,106,53%,3.6,8.2,31:53,1.0,159,251
Gragas S14 Spring,295,132,11%,143,152,48%,3.0,7.1,31:54,7.4,566,365
Blitzcrank S14 Spring,152,207,10%,78,74,51%,2.9,7.9,32:14,1.0,193,253
Ornn S14 Spring,232,122,9%,109,123,47%,3.4,7.6,31:08,7.0,383,339
Brand S14 Spring,152,190,9%,83,69,55%,3.5,4.7,31:33,6.9,657,381
Nami S14 Spring,326,4,9%,189,137,58%,5.4,7.8,32:55,1.1,247,257
Seraphine S14 Spring,104,209,8%,51,53,49%,3.9,4.0,31:44,7.2,361,358
Zac S14 Spring,170,133,8%,83,87,49%,3.0,7.4,31:20,6.6,461,345
Lulu S14 Spring,195,88,7%,79,116,41%,4.6,7.7,32:20,1.0,167,249
Aurelion Sol S14 Spring,149,132,7%,84,65,56%,5.0,5.5,31:16,8.7,778,426
RekSai S14 Spring,149,119,7%,79,70,53%,3.5,5.4,32:40,7.1,474,371
Bard S14 Spring,165,102,7%,92,73,56%,4.6,7.2,32:07,1.2,244,267
Ivern S14 Spring,114,150,7%,58,56,51%,5.2,4.3,32:12,5.0,194,314
Syndra S14 Spring,162,101,7%,74,88,46%,3.1,7.2,32:30,8.6,644,416
Wukong S14 Spring,169,75,6%,82,87,49%,3.2,8.1,32:18,5.9,338,348
Darius S14 Spring,74,165,6%,42,32,57%,2.8,5.8,31:16,7.9,476,409
Caitlyn S14 Spring,103,135,6%,56,47,54%,3.6,6.3,32:36,8.7,637,427
Pyke S14 Spring,95,118,6%,59,36,62%,3.0,6.7,31:38,1.6,260,309
Leona S14 Spring,152,42,5%,73,79,48%,2.5,8.7,31:35,1.1,190,252
Fiora S14 Spring,73,120,5%,36,37,49%,1.9,6.5,31:11,8.9,621,443
Belveth S14 Spring,65,125,5%,21,44,32%,2.5,4.4,31:01,6.7,311,378
Jhin S14 Spring,145,34,5%,73,72,50%,5.1,7.5,32:30,8.5,542,414
Malphite S14 Spring,81,96,5%,38,43,47%,3.3,8.8,32:30,7.2,498,354
Kindred S14 Spring,80,88,4%,51,29,64%,4.0,5.0,31:41,7.3,497,407
Sylas S14 Spring,89,75,4%,40,49,45%,2.9,7.4,31:23,8.0,546,408
Lillia S14 Spring,68,93,4%,39,29,57%,4.5,4.6,30:59,7.4,571,395
Sion S14 Spring,102,57,4%,48,54,47%,2.2,5.4,32:04,6.9,384,345
Graves S14 Spring,88,40,3%,42,46,48%,3.8,7.6,32:09,7.8,476,400
Trundle S14 Spring,87,39,3%,41,46,47%,3.1,8.2,32:28,5.7,272,338
Camille S14 Spring,89,31,3%,38,51,43%,2.0,7.2,31:13,5.3,460,359
Yasuo S14 Spring,67,47,3%,36,31,54%,2.8,8.0,31:11,8.8,453,427
Kennen S14 Spring,56,50,3%,27,29,48%,2.4,5.7,32:53,8.2,627,395
Annie S14 Spring,66,38,3%,27,39,41%,3.2,6.0,33:06,7.0,623,362
Ziggs S14 Spring,62,42,3%,28,34,45%,3.0,7.1,32:59,8.7,815,407
Irelia S14 Spring,51,52,3%,25,26,49%,2.1,7.1,33:03,8.9,625,443
Rengar S14 Spring,12,85,3%,4,8,33%,2.0,2.4,29:12,6.9,310,365
Thresh S14 Spring,57,25,2%,28,29,49%,3.6,8.7,32:07,1.0,171,249
Heimerdinger S14 Spring,37,30,2%,18,19,49%,2.4,6.8,31:51,2.1,473,288
Miss Fortune S14 Spring,52,13,2%,24,28,46%,3.9,7.7,32:02,8.7,615,437
Vayne S14 Spring,39,24,2%,20,19,51%,2.9,7.8,33:02,7.9,610,417
Viktor S14 Spring,39,22,2%,20,19,51%,3.3,5.4,33:20,8.5,843,416
Urgot S14 Spring,42,18,2%,20,22,48%,3.1,8.2,31:24,8.4,577,421
Sivir S14 Spring,40,13,1%,21,19,53%,3.7,8.2,33:47,10.0,764,446
Riven S14 Spring,13,38,1%,7,6,54%,2.4,6.4,31:09,8.7,448,426
Garen S14 Spring,33,11,1%,17,16,52%,2.5,8.9,32:17,8.7,502,419
Kassadin S14 Spring,25,19,1%,13,12,52%,4.7,8.5,31:47,8.9,652,451
Nidalee S14 Spring,28,13,1%,14,14,50%,3.2,4.2,29:50,7.3,543,393
Samira S14 Spring,18,21,1%,3,15,17%,1.9,7.2,31:38,8.0,539,422
Karthus S14 Spring,17,21,1%,6,11,35%,2.6,4.6,29:36,8.1,758,405
Vladimir S14 Spring,10,27,1%,8,2,80%,4.1,2.9,31:13,8.3,686,405
Nilah S14 Spring,19,17,1%,10,9,53%,3.4,7.3,32:07,8.6,401,442
Illaoi S14 Spring,15,19,1%,5,10,33%,1.3,4.9,34:20,8.5,845,409
Veigar S14 Spring,25,8,1%,12,13,48%,3.1,8.5,31:45,8.3,633,402
Mordekaiser S14 Spring,26,6,1%,12,14,46%,1.8,7.8,32:10,7.6,580,377
Galio S14 Spring,23,7,1%,10,13,43%,3.7,6.9,32:55,6.1,419,330
Janna S14 Spring,24,6,1%,9,15,38%,4.0,8.0,31:35,1.2,239,256
Cassiopeia S14 Spring,19,10,1%,13,6,68%,5.1,7.6,29:35,8.2,636,430
Lux S14 Spring,19,9,1%,8,11,42%,4.0,7.8,35:25,2.6,433,296
Pantheon S14 Spring,12,16,1%,7,5,58%,2.4,4.2,31:56,4.4,496,338
Swain S14 Spring,17,10,1%,8,9,47%,3.4,8.0,30:04,7.4,631,362
Ryze S14 Spring,21,5,1%,8,13,38%,2.6,8.6,29:18,9.3,540,421
Skarner S14 Spring,2,23,1%,2,0,100%,10.7,2.1,33:53,7.0,354,407
Xerath S14 Spring,17,8,1%,6,11,35%,3.1,8.8,32:22,7.2,747,367
Taric S14 Spring,13,9,1%,1,12,8%,1.8,8.9,31:49,1.2,147,242
Twitch S14 Spring,16,6,1%,9,7,56%,3.8,8.3,33:30,8.2,766,431
Kled S14 Spring,10,10,1%,3,7,30%,2.0,8.4,32:37,7.4,572,389
KogMaw S14 Spring,16,3,1%,8,8,50%,4.5,7.7,30:48,8.7,839,428
Soraka S14 Spring,15,4,1%,4,11,27%,2.5,9.8,31:48,1.4,146,248
Zyra S14 Spring,14,4,0%,5,9,36%,2.2,9.3,34:14,1.4,493,271
Yuumi S14 Spring,14,3,0%,3,11,21%,3.4,9.0,32:02,0.6,269,224
Sett S14 Spring,13,4,0%,3,10,23%,2.1,9.0,35:18,6.4,575,365
KhaZix S14 Spring,12,4,0%,4,8,33%,2.0,8.8,31:59,6.8,399,374
Lissandra S14 Spring,12,3,0%,4,8,33%,2.7,9.0,29:23,6.8,435,352
Ekko S14 Spring,8,7,0%,4,4,50%,3.4,7.9,33:09,8.7,766,462
Anivia S14 Spring,0,13,0%,,,,,1.5,,,,
Gangplank S14 Spring,10,2,0%,3,7,30%,1.8,9.0,30:39,8.5,683,445
Amumu S14 Spring,10,1,0%,1,9,10%,1.6,10.0,31:13,2.7,214,265
Zed S14 Spring,7,4,0%,2,5,29%,1.9,8.3,32:02,7.4,610,393
Zoe S14 Spring,4,7,0%,1,3,25%,2.4,7.1,27:40,7.5,590,377
Diana S14 Spring,9,0,0%,2,7,22%,2.2,-,32:25,7.2,459,365
Shen S14 Spring,9,0,0%,1,8,11%,3.2,-,32:13,7.5,385,356
Akshan S14 Spring,6,3,0%,3,3,50%,2.5,8.0,29:27,7.9,589,414
Elise S14 Spring,5,3,0%,3,2,60%,2.8,6.7,32:42,5.8,592,396
VelKoz S14 Spring,4,4,0%,2,2,50%,4.6,6.0,30:26,7.9,747,438
Briar S14 Spring,2,6,0%,2,0,100%,2.5,4.5,34:58,5.9,673,450
Dr. Mundo S14 Spring,7,0,0%,3,4,43%,2.6,-,31:25,6.2,513,325
Sona S14 Spring,4,3,0%,1,3,25%,3.1,8.3,35:08,1.9,197,255
Talon S14 Spring,4,3,0%,0,4,0%,1.6,6.3,34:13,7.5,600,391
Zilean S14 Spring,7,0,0%,2,5,29%,3.1,-,30:30,3.0,259,268
Chogath S14 Spring,5,1,0%,0,5,0%,1.0,10.0,34:25,6.7,439,315
Evelynn S14 Spring,5,1,0%,0,5,0%,1.8,10.0,31:14,5.9,442,347
Kayle S14 Spring,6,0,0%,2,4,33%,1.6,-,32:45,9.0,685,409
Nunu S14 Spring,5,1,0%,4,1,80%,6.5,2.0,33:14,6.0,261,363
Quinn S14 Spring,4,2,0%,2,2,50%,1.8,7.5,35:48,9.3,860,445
Vex S14 Spring,5,0,0%,1,4,20%,2.5,-,32:16,8.8,628,396
Katarina S14 Spring,3,1,0%,0,3,0%,1.7,7.0,29:31,7.5,418,364
Fiddlesticks S14 Spring,3,0,0%,1,2,33%,2.6,-,30:28,6.7,332,342
Fizz S14 Spring,2,1,0%,0,2,0%,1.8,9.0,30:13,7.0,692,400
Morgana S14 Spring,2,1,0%,0,2,0%,0.7,8.0,34:36,3.3,388,263
Nasus S14 Spring,3,0,0%,0,3,0%,1.4,-,29:00,5.2,438,315
Rammus S14 Spring,3,0,0%,2,1,67%,3.6,-,28:09,4.7,270,324
Shaco S14 Spring,3,0,0%,1,2,33%,1.3,-,28:39,4.4,240,295
Singed S14 Spring,3,0,0%,0,3,0%,1.6,-,27:33,7.6,477,329
Tryndamere S14 Spring,2,1,0%,0,2,0%,0.6,7.0,28:46,8.0,348,344
Teemo S14 Spring,2,0,0%,1,1,50%,2.1,-,31:27,8.3,866,429
Kayn S14 Spring,2,0,0%,1,1,50%,4.5,-,32:09,6.6,341,366
Naafiri S14 Spring,1,1,0%,0,1,0%,3.0,1.0,34:25,8.0,494,415
Hecarim S14 Spring,0,1,0%,,,,,9.0,,,,
Malzahar S14 Spring,1,0,0%,0,1,0%,1.0,-,35:33,10.5,608,459
Shyvana S14 Spring,1,0,0%,0,1,0%,1.0,-,23:28,7.4,561,393
Warwick S14 Spring,1,0,0%,1,0,100%,2.0,-,34:32,8.1,470,391
Master Yi S14 Spring,0,0,0%,,,,,-,,,,
Yorick S14 Spring,0,0,0%,,,,,-,,,,
Qiyana S14 Spring,0,0,0%,,,,,-,,,,
